 DATE ,OPEN,HIGH,LOW,CLOSE,TICKVOL,VOL,SPREAD
2015.10.13,1.13571,1.14108,1.13438,1.13782,124917,2.06749E+11,7
2015.10.14,1.13773,1.14889,1.13768,1.1473,138506,2.28096E+11,7
2015.10.15,1.14723,1.14949,1.13629,1.13803,144400,2.35173E+11,7
2015.10.16,1.13819,1.13945,1.13339,1.13474,122270,1.84776E+11,0
2015.10.19,1.13546,1.13788,1.13054,1.13269,124837,1.97187E+11,7
2015.10.20,1.13268,1.13868,1.13237,1.13453,110310,1.84551E+11,7
2015.10.21,1.1343,1.13772,1.13342,1.13382,111411,1.88934E+11,7
2015.10.22,1.13372,1.13507,1.10998,1.11087,150246,2.45739E+11,0
2015.10.23,1.11055,1.11394,1.09963,1.10169,153746,2.39951E+11,0
2015.10.26,1.10071,1.10682,1.10035,1.10529,114119,1.91915E+11,0
2015.10.27,1.10524,1.1078,1.103,1.10462,115382,1.77658E+11,0
2015.10.28,1.10454,1.10955,1.08966,1.09267,128620,2.08717E+11,0
2015.10.29,1.09268,1.09862,1.09026,1.09858,125217,2.05707E+11,0
2015.10.30,1.09858,1.10723,1.09653,1.1005,137706,2.15425E+11,7
2015.11.02,1.10266,1.10527,1.09998,1.1015,109114,1.80151E+11,7
2015.11.03,1.10139,1.10298,1.09357,1.09627,119749,2.00544E+11,0
2015.11.04,1.09626,1.09675,1.08439,1.08653,136540,2.28434E+11,0
2015.11.05,1.08628,1.08972,1.08333,1.08828,133932,2.16939E+11,0
2015.11.06,1.08825,1.08935,1.0707,1.0739,132696,2.02222E+11,0
2015.11.09,1.07283,1.07896,1.07191,1.07499,146695,2.19242E+11,4
2015.11.10,1.075,1.07637,1.0674,1.07227,141813,2.24498E+11,4
2015.11.11,1.07214,1.07733,1.07054,1.07417,131074,1.97648E+11,7
2015.11.12,1.07432,1.08301,1.06906,1.0812,175868,2.6366E+11,7
2015.11.13,1.08103,1.08167,1.07137,1.07668,158760,2.46799E+11,0
2015.11.16,1.07366,1.07578,1.06744,1.06847,148817,2.30762E+11,7
2015.11.17,1.0677,1.06904,1.06305,1.0643,145784,2.37581E+11,0
2015.11.18,1.06413,1.06922,1.06166,1.06583,135966,2.1896E+11,7
2015.11.19,1.06574,1.07628,1.06549,1.07338,156694,2.52477E+11,0
2015.11.20,1.07322,1.07382,1.06397,1.06451,141561,2.29652E+11,7
2015.11.23,1.06372,1.06565,1.05922,1.06354,150590,2.49075E+11,0
2015.11.24,1.06355,1.06733,1.06193,1.06426,154783,2.44527E+11,0
2015.11.25,1.06428,1.0689,1.05657,1.06238,163860,2.63078E+11,0
2015.11.26,1.06228,1.0627,1.05996,1.06102,100405,1.56319E+11,7
2015.11.27,1.06101,1.06376,1.05682,1.05938,122303,1.93526E+11,0
2015.11.30,1.05887,1.05947,1.05576,1.05643,125836,2.06756E+11,2
2015.12.01,1.05639,1.06369,1.05629,1.06324,142795,2.40856E+11,0
2015.12.02,1.0634,1.06355,1.05505,1.06135,148672,2.48002E+11,0
2015.12.03,1.06121,1.09807,1.05222,1.09385,193877,2.92711E+11,7
2015.12.04,1.09408,1.09559,1.08357,1.08779,197815,2.89169E+11,7
2015.12.07,1.08681,1.08872,1.07958,1.08366,137004,2.22473E+11,7
2015.12.08,1.08348,1.09021,1.08299,1.0892,147793,2.34643E+11,0
2015.12.09,1.08895,1.10427,1.08789,1.10244,173961,2.60447E+11,7
2015.12.10,1.10214,1.10242,1.09247,1.09401,152562,2.34856E+11,7
2015.12.11,1.09395,1.10305,1.09263,1.09894,163728,2.17507E+11,7
2015.12.14,1.09801,1.10483,1.09452,1.09922,173997,2.48299E+11,7
2015.12.15,1.09905,1.10593,1.09044,1.09285,159311,2.29327E+11,7
2015.12.16,1.09289,1.10116,1.08878,1.09104,173023,2.28038E+11,7
2015.12.17,1.09097,1.09138,1.08023,1.08245,150539,2.01998E+11,0
2015.12.18,1.08242,1.08742,1.08047,1.08613,156544,2.01864E+11,7
2015.12.21,1.08511,1.09387,1.08457,1.09139,127939,1.65604E+11,7
2015.12.22,1.09133,1.09839,1.09021,1.09568,120357,1.59462E+11,7
2015.12.23,1.09506,1.09568,1.08696,1.09099,104495,1.3052E+11,7
2015.12.24,1.09087,1.09673,1.09023,1.09542,61302,70143103000,0
2015.12.28,1.09441,1.09922,1.09441,1.09681,79315,90971557000,0
2015.12.29,1.09641,1.09914,1.08988,1.0918,92900,1.10392E+11,0
2015.12.30,1.09214,1.09434,1.09014,1.09312,93938,1.13235E+11,0
2015.12.31,1.09303,1.09368,1.08526,1.08609,66736,78696821000,0
2016.01.04,1.08696,1.09462,1.07808,1.08319,157687,2.03038E+11,0
2016.01.05,1.08274,1.08386,1.07104,1.07463,132203,1.83164E+11,0
2016.01.06,1.07464,1.07992,1.07127,1.07796,149117,1.99605E+11,7
2016.01.07,1.07789,1.09399,1.07707,1.09287,177685,2.35054E+11,0
2016.01.08,1.09243,1.09331,1.08028,1.09245,172703,2.24941E+11,0
2016.01.11,1.09171,1.09697,1.08476,1.08581,153753,2.08525E+11,5
2016.01.12,1.08568,1.08999,1.08193,1.0857,159298,2.18748E+11,0
2016.01.13,1.08579,1.0887,1.08046,1.08757,165246,2.38781E+11,7
2016.01.14,1.08739,1.09429,1.08342,1.08634,181007,2.61259E+11,7
2016.01.15,1.08647,1.09844,1.08543,1.09132,184568,2.57718E+11,7
2016.01.18,1.09206,1.09273,1.08684,1.08941,128564,1.72661E+11,0
2016.01.19,1.08894,1.09389,1.08591,1.09065,163116,2.35771E+11,0
2016.01.20,1.09051,1.09757,1.08769,1.08883,192784,2.97035E+11,0
2016.01.21,1.08876,1.09208,1.0777,1.08726,208559,3.04321E+11,0
2016.01.22,1.08727,1.08763,1.07888,1.07965,166857,2.57346E+11,0
2016.01.25,1.07886,1.08566,1.07886,1.08475,153222,2.44097E+11,7
2016.01.26,1.08474,1.0874,1.08185,1.08683,148897,2.338E+11,0
2016.01.27,1.08685,1.09163,1.08503,1.0892,176075,2.54196E+11,0
2016.01.28,1.08925,1.09674,1.08694,1.0939,170459,2.24202E+11,7
2016.01.29,1.09384,1.09483,1.08096,1.083,209310,2.70681E+11,7
2016.02.01,1.08297,1.09125,1.08142,1.08873,149072,1.78886E+11,7
2016.02.02,1.08873,1.09397,1.08819,1.09177,151389,1.7347E+11,7
2016.02.03,1.09158,1.11452,1.09034,1.11017,200352,2.25777E+11,7
2016.02.04,1.11016,1.12387,1.10693,1.12067,225686,2.92074E+11,7
2016.02.05,1.12053,1.12468,1.11084,1.11578,187784,2.8672E+11,7
2016.02.08,1.11415,1.12155,1.10862,1.11912,189737,3.08948E+11,7
2016.02.09,1.1191,1.13378,1.1162,1.1294,231656,3.35089E+11,7
2016.02.10,1.12903,1.13111,1.11602,1.12889,229356,3.38417E+11,0
2016.02.11,1.12899,1.13761,1.12736,1.13218,253405,3.03159E+11,7
2016.02.12,1.1322,1.13337,1.12138,1.12503,208643,2.85055E+11,0
2016.02.15,1.12336,1.12495,1.11276,1.11531,159956,2.16456E+11,7
2016.02.16,1.1153,1.11928,1.11239,1.11423,168249,2.52287E+11,0
2016.02.17,1.1142,1.11788,1.11057,1.11267,171626,2.31367E+11,0
2016.02.18,1.11262,1.11493,1.10707,1.11058,166185,2.45432E+11,0
2016.02.19,1.11063,1.1139,1.10664,1.11279,157798,2.17188E+11,0
2016.02.22,1.11111,1.11244,1.10028,1.10281,148929,2.37133E+11,0
2016.02.23,1.10273,1.10524,1.09898,1.1018,159977,2.62782E+11,0
2016.02.24,1.10173,1.10459,1.09571,1.10116,176041,2.98746E+11,7
2016.02.25,1.10137,1.10496,1.09865,1.10168,161056,2.74335E+11,7
2016.02.26,1.10168,1.10679,1.09114,1.09289,159885,2.73342E+11,0
2016.02.29,1.0913,1.09625,1.08589,1.08718,161758,2.63492E+11,7
2016.03.01,1.08751,1.08932,1.08338,1.08656,162298,2.58999E+11,5
2016.03.02,1.08644,1.08807,1.08251,1.08672,160186,2.77719E+11,7
2016.03.03,1.08676,1.09725,1.08533,1.09556,154816,2.5226E+11,7
2016.03.04,1.09556,1.1043,1.09027,1.10064,166289,2.42389E+11,7
2016.03.07,1.09879,1.10255,1.09397,1.10121,127729,2.21885E+11,7
2016.03.08,1.10127,1.10575,1.09933,1.10096,142910,2.27473E+11,7
2016.03.09,1.10095,1.10345,1.09457,1.09981,134228,2.27935E+11,7
2016.03.10,1.09973,1.12177,1.08219,1.11759,176693,2.51523E+11,7
2016.03.11,1.11759,1.12093,1.10801,1.11462,150540,2.09618E+11,7
2016.03.14,1.11444,1.11759,1.10775,1.11012,127000,2.08908E+11,7
2016.03.15,1.11012,1.11248,1.10715,1.11048,130357,2.1062E+11,7
2016.03.16,1.11049,1.1242,1.10575,1.1212,146973,2.0177E+11,7
2016.03.17,1.12123,1.13422,1.12048,1.13151,161032,2.02177E+11,7
2016.03.18,1.13139,1.13365,1.12558,1.12688,138417,2.14826E+11,7
2016.03.21,1.12682,1.12844,1.12344,1.12386,115649,1.66192E+11,7
2016.03.22,1.12386,1.12596,1.11881,1.1215,118562,1.49682E+11,7
2016.03.23,1.12151,1.12231,1.11628,1.11796,90109,1.10528E+11,7
2016.03.24,1.11802,1.11874,1.11439,1.11786,104732,1.42565E+11,0
2016.03.25,1.11786,1.11789,1.11536,1.11613,45514,50904538000,0
2016.03.28,1.11599,1.12197,1.11527,1.11952,62033,1.07493E+11,7
2016.03.29,1.1193,1.13032,1.11687,1.12893,141292,2.29345E+11,0
2016.03.30,1.12896,1.13652,1.12831,1.13387,152488,2.50207E+11,0
2016.03.31,1.13359,1.14115,1.13098,1.13788,145361,2.47984E+11,7
2016.04.01,1.13777,1.14377,1.13344,1.13897,159690,2.65091E+11,0
2016.04.04,1.13994,1.14123,1.1357,1.13888,129475,2.01912E+11,7
2016.04.05,1.13863,1.14049,1.13356,1.13826,146695,2.46752E+11,7
2016.04.06,1.13826,1.14317,1.13262,1.13979,149211,2.4416E+11,0
2016.04.07,1.13975,1.14538,1.13373,1.13767,165889,2.57431E+11,0
2016.04.08,1.13751,1.1419,1.13488,1.13949,140419,2.17415E+11,7
2016.04.11,1.14138,1.1447,1.13721,1.14097,126835,2.05171E+11,0
2016.04.12,1.14052,1.14645,1.13458,1.13835,144352,2.38679E+11,0
2016.04.13,1.13827,1.13909,1.1268,1.12723,151524,2.57585E+11,0
2016.04.14,1.12728,1.12945,1.12335,1.12663,137771,2.30034E+11,0
2016.04.15,1.12616,1.13167,1.12453,1.12827,119449,1.86495E+11,0
2016.04.18,1.12998,1.13317,1.12734,1.13119,119210,1.48462E+11,0
2016.04.19,1.13091,1.13842,1.1303,1.13575,121795,1.69922E+11,0
2016.04.20,1.13566,1.13876,1.12901,1.12952,129818,2.01562E+11,7
2016.04.21,1.12952,1.13985,1.12696,1.1286,147583,2.02847E+11,0
2016.04.22,1.12859,1.13084,1.12154,1.12154,143320,2.061E+11,0
2016.04.25,1.12167,1.12779,1.12145,1.1266,122000,1.72644E+11,0
2016.04.26,1.1266,1.13394,1.12559,1.1295,125742,1.97827E+11,0
2016.04.27,1.12948,1.13611,1.12713,1.13191,131122,1.89349E+11,0
2016.04.28,1.13199,1.13676,1.1296,1.13509,155075,2.14841E+11,7
2016.04.29,1.13509,1.1459,1.1347,1.14504,156574,2.30532E+11,4
2016.05.02,1.14582,1.15354,1.14479,1.15331,131824,1.79662E+11,0
2016.05.03,1.15331,1.16159,1.14947,1.14949,159314,2.29552E+11,0
2016.05.04,1.1496,1.15292,1.14659,1.14855,156038,2.17123E+11,0
2016.05.05,1.14829,1.14934,1.13856,1.14048,129054,1.8367E+11,0
2016.05.06,1.1404,1.14796,1.13863,1.14009,138490,1.96953E+11,0
2016.05.09,1.13939,1.14194,1.1375,1.13806,118175,1.73221E+11,7
2016.05.10,1.13814,1.14096,1.13583,1.13717,117173,1.78482E+11,0
2016.05.11,1.13691,1.14462,1.13686,1.14251,110018,1.71403E+11,0
2016.05.12,1.14242,1.14288,1.13702,1.13766,116605,1.8635E+11,0
2016.05.13,1.13736,1.13795,1.12825,1.13088,133533,2.14303E+11,0
2016.05.16,1.13098,1.1342,1.13019,1.13193,103824,1.59553E+11,0
2016.05.17,1.13198,1.13482,1.13013,1.13118,120937,1.93574E+11,7
2016.05.18,1.13111,1.13159,1.1214,1.12158,142939,2.40962E+11,7
2016.05.19,1.12144,1.12297,1.11796,1.12019,137673,2.22578E+11,0
2016.05.20,1.12016,1.1237,1.1196,1.12217,100668,1.59216E+11,0
2016.05.23,1.12033,1.12426,1.11873,1.1219,105512,1.62708E+11,0
2016.05.24,1.12187,1.12267,1.11321,1.11393,122763,2.15467E+11,0
2016.05.25,1.11398,1.11666,1.11285,1.11539,117544,2.00803E+11,0
2016.05.26,1.11536,1.12164,1.11492,1.11927,117558,1.94348E+11,0
2016.05.27,1.11918,1.12004,1.11107,1.1113,110864,1.72103E+11,0
2016.05.30,1.11125,1.11443,1.10977,1.1138,74596,1.01095E+11,0
2016.05.31,1.11362,1.11731,1.11219,1.11303,134654,2.60319E+11,0
2016.06.01,1.11301,1.11937,1.11138,1.11869,142623,2.39981E+11,7
2016.06.02,1.11865,1.12198,1.11449,1.1151,134491,2.30253E+11,0
2016.06.03,1.11499,1.13732,1.10707,1.13662,151235,2.60841E+11,0
2016.06.06,1.13542,1.13923,1.13262,1.13528,142741,2.38559E+11,7
2016.06.07,1.13528,1.13801,1.13383,1.13555,121862,2.32685E+11,0
2016.06.08,1.13563,1.14103,1.13541,1.13938,118280,2.12773E+11,0
2016.06.09,1.13936,1.14151,1.13052,1.13129,129055,2.34791E+11,0
2016.06.10,1.1313,1.1321,1.1245,1.12533,133550,1.90393E+11,7
2016.06.13,1.12478,1.13027,1.12316,1.12893,149811,2.65786E+11,0
2016.06.14,1.1289,1.1298,1.11886,1.12056,139493,2.44089E+11,0
2016.06.15,1.12068,1.12982,1.11894,1.12602,140534,2.35963E+11,0
2016.06.16,1.1258,1.12946,1.11307,1.1223,179607,3.0073E+11,0
2016.06.17,1.12231,1.12961,1.12225,1.12752,136556,2.11145E+11,0
2016.06.20,1.13308,1.13821,1.13018,1.13121,141590,2.33208E+11,0
2016.06.21,1.13093,1.13492,1.12428,1.12439,126239,1.93885E+11,7
2016.06.22,1.12421,1.13372,1.12362,1.12947,122068,1.95905E+11,0
2016.06.23,1.12937,1.14208,1.1293,1.13791,141171,2.02046E+11,0
2016.06.24,1.1384,1.14278,1.09113,1.10912,298052,4.29939E+11,0
2016.06.27,1.10024,1.10833,1.09705,1.10237,211882,2.20134E+11,7
2016.06.28,1.10235,1.11112,1.10098,1.10647,154073,2.45217E+11,0
2016.06.29,1.10641,1.113,1.10489,1.11235,152566,2.24389E+11,0
2016.06.30,1.1117,1.11541,1.10238,1.11048,172106,2.69098E+11,0
2016.07.01,1.11014,1.11689,1.10716,1.11361,133497,1.9267E+11,0
2016.07.04,1.11245,1.11591,1.10975,1.11532,94539,1.2763E+11,7
2016.07.05,1.11528,1.11862,1.10619,1.1075,128447,2.02579E+11,0
2016.07.06,1.10709,1.11112,1.10288,1.10989,159080,2.36141E+11,0
2016.07.07,1.10969,1.11069,1.10522,1.10601,128413,1.86064E+11,0
2016.07.08,1.10601,1.11198,1.10016,1.10497,124816,1.96035E+11,7
2016.07.11,1.10448,1.10743,1.10153,1.10568,115627,1.77722E+11,7
2016.07.12,1.10556,1.1126,1.10517,1.10604,142857,2.2877E+11,7
2016.07.13,1.10595,1.11195,1.10418,1.10883,133693,2.17917E+11,0
2016.07.14,1.10877,1.11644,1.1085,1.11191,150937,2.44531E+11,0
2016.07.15,1.11173,1.11486,1.1024,1.10244,140172,2.9053E+11,0
2016.07.18,1.10497,1.10839,1.10372,1.10748,108109,2.00246E+11,0
2016.07.19,1.10735,1.10801,1.09996,1.10189,109057,1.97808E+11,0
2016.07.20,1.10187,1.10298,1.0981,1.10129,105232,2.11557E+11,0
2016.07.21,1.10122,1.106,1.09793,1.10237,134508,2.18944E+11,0
2016.07.22,1.10229,1.10406,1.09551,1.09747,118458,1.72925E+11,7
2016.07.25,1.09725,1.09986,1.09516,1.09942,100144,1.5829E+11,0
2016.07.26,1.09927,1.10294,1.09778,1.09855,103516,1.59727E+11,0
2016.07.27,1.09821,1.10647,1.09314,1.10583,119260,1.78606E+11,0
2016.07.28,1.1057,1.11191,1.10519,1.10757,117064,1.66492E+11,0
2016.07.29,1.10763,1.11972,1.1072,1.11743,140309,1.8059E+11,0
2016.08.01,1.11715,1.11831,1.11548,1.11614,101194,1.16101E+11,7
2016.08.02,1.11602,1.12334,1.11573,1.12209,116373,1.32347E+11,0
2016.08.03,1.12202,1.12265,1.11403,1.11474,99248,1.2476E+11,0
2016.08.04,1.11478,1.11561,1.11135,1.11282,110679,1.36335E+11,0
2016.08.05,1.11252,1.11608,1.10453,1.10867,103834,1.23609E+11,7
2016.08.08,1.10795,1.11046,1.10716,1.10878,88072,1.10597E+11,7
2016.08.09,1.10855,1.11221,1.107,1.11169,93176,1.25489E+11,0
2016.08.10,1.11151,1.11898,1.11114,1.11744,106029,1.48655E+11,0
2016.08.11,1.11744,1.11909,1.11349,1.11354,107170,1.66227E+11,7
2016.08.12,1.11356,1.12209,1.11309,1.11634,109188,1.66633E+11,0
2016.08.15,1.11659,1.12032,1.1153,1.11825,83715,1.14617E+11,0
2016.08.16,1.1182,1.13221,1.1177,1.12772,123356,1.5636E+11,0
2016.08.17,1.12773,1.13155,1.12403,1.12874,114477,1.42331E+11,0
2016.08.18,1.12837,1.13661,1.12837,1.13536,121750,1.52999E+11,0
2016.08.19,1.13521,1.13591,1.13037,1.13237,110099,1.35203E+11,0
2016.08.22,1.13087,1.13302,1.12707,1.1319,105292,1.3578E+11,0
2016.08.23,1.1318,1.13548,1.13028,1.13041,100937,1.30073E+11,7
2016.08.24,1.13039,1.13111,1.12448,1.12628,109242,1.35104E+11,7
2016.08.25,1.12625,1.1297,1.12588,1.12833,82751,90615060000,0
2016.08.26,1.12783,1.13406,1.11806,1.11856,122981,1.44473E+11,7
2016.08.29,1.11823,1.12074,1.11575,1.11889,94988,1.00023E+11,7
2016.08.30,1.11873,1.1192,1.11317,1.11418,96173,1.07449E+11,0
2016.08.31,1.114,1.1165,1.11227,1.11571,103050,1.16624E+11,0
2016.09.01,1.11562,1.12048,1.11272,1.11957,105894,1.15766E+11,0
2016.09.02,1.11927,1.12518,1.11449,1.11449,119722,1.2832E+11,0
2016.09.05,1.11564,1.11819,1.11393,1.11458,81686,85491202000,0
2016.09.06,1.11456,1.12627,1.11404,1.12555,110662,1.11752E+11,7
2016.09.07,1.12516,1.12706,1.12283,1.12385,109600,1.13162E+11,0
2016.09.08,1.12384,1.13266,1.1234,1.12607,127443,1.30599E+11,7
2016.09.09,1.12596,1.12849,1.11981,1.12235,121473,1.29108E+11,0
2016.09.12,1.12304,1.1268,1.121,1.12349,126786,1.35125E+11,7
2016.09.13,1.12331,1.12601,1.12036,1.12182,124533,1.5137E+11,0
2016.09.14,1.1218,1.12737,1.12097,1.12495,116530,1.45098E+11,0
2016.09.15,1.12488,1.12833,1.12187,1.12435,123670,1.40885E+11,0
2016.09.16,1.12422,1.12497,1.11492,1.11535,119434,1.38333E+11,0
2016.09.19,1.11531,1.11975,1.11505,1.11731,99139,1.08852E+11,0
2016.09.20,1.11729,1.12131,1.11495,1.11501,113779,1.41376E+11,0
2016.09.21,1.11486,1.11962,1.11228,1.11878,134851,1.42583E+11,0
2016.09.22,1.11865,1.12569,1.11844,1.12068,110922,1.13266E+11,0
2016.09.23,1.12068,1.12403,1.11935,1.12149,105350,1.07434E+11,0
2016.09.26,1.1229,1.12788,1.12204,1.12524,100826,1.30637E+11,0
2016.09.27,1.12533,1.12586,1.11906,1.12137,119008,1.28074E+11,0
2016.09.28,1.12152,1.12365,1.11814,1.12163,121252,1.20679E+11,0
2016.09.29,1.1216,1.12496,1.11965,1.1221,127561,1.41758E+11,0
2016.09.30,1.12212,1.12503,1.11531,1.12399,159432,1.77491E+11,0
2016.10.03,1.12262,1.12439,1.12049,1.12096,103336,1.23028E+11,7
2016.10.04,1.12101,1.12384,1.11376,1.12042,146345,1.78501E+11,0
2016.10.05,1.12015,1.1233,1.11894,1.12031,127464,1.49863E+11,0
2016.10.06,1.1203,1.12121,1.11395,1.11493,127469,1.58985E+11,7
2016.10.07,1.11481,1.12048,1.1104,1.11931,187746,2.08005E+11,0
2016.10.10,1.1181,1.12028,1.11309,1.1139,109958,1.37255E+11,0
2016.10.11,1.11346,1.11419,1.10486,1.1053,147615,1.75805E+11,0
2016.10.12,1.1053,1.10673,1.10041,1.10046,152051,1.62336E+11,0
2016.10.13,1.10063,1.10573,1.09851,1.10547,121174,1.19272E+11,0
2016.10.14,1.10543,1.10582,1.09699,1.09711,133087,1.35382E+11,0
2016.10.17,1.09689,1.10076,1.09635,1.09985,109813,1.07653E+11,0
2016.10.18,1.09994,1.10262,1.09697,1.09794,108880,1.05709E+11,0
2016.10.19,1.09783,1.10044,1.09547,1.09735,111049,1.08488E+11,0
2016.10.20,1.0972,1.10388,1.09154,1.09285,119987,1.09651E+11,0
2016.10.21,1.09281,1.09293,1.0859,1.08736,107479,96972547000,0
2016.10.24,1.08801,1.08993,1.08592,1.08812,95964,89487546000,0
2016.10.25,1.088,1.09045,1.08507,1.0888,117030,1.03118E+11,7
2016.10.26,1.08863,1.09462,1.0874,1.09069,100906,67804537000,0
2016.10.27,1.09068,1.09418,1.08821,1.08945,113193,98784317000,7
2016.10.28,1.0896,1.09915,1.08926,1.09745,125686,1.01993E+11,7
2016.10.31,1.09841,1.09907,1.09355,1.09762,99166,88512027000,0
2016.11.01,1.09761,1.10686,1.09597,1.10564,114514,97073809000,0
2016.11.02,1.10571,1.11228,1.10493,1.10946,130446,1.1101E+11,7
2016.11.03,1.1095,1.11255,1.10595,1.1105,127812,1.17473E+11,0
2016.11.04,1.11052,1.11405,1.10795,1.11375,117117,1.10485E+11,7
2016.11.07,1.10616,1.11099,1.1027,1.10395,113657,1.09803E+11,7
2016.11.08,1.10396,1.10667,1.10083,1.10257,105103,95019544000,0
2016.11.09,1.10238,1.12991,1.09066,1.09077,289426,2.46326E+11,0
2016.11.10,1.09083,1.09533,1.08645,1.08907,179357,1.58516E+11,0
2016.11.11,1.08932,1.09229,1.08301,1.08503,169227,1.60288E+11,0
2016.11.14,1.08316,1.08403,1.07087,1.07358,188186,1.6809E+11,0
2016.11.15,1.07357,1.08161,1.07138,1.07215,159227,1.43879E+11,0
2016.11.16,1.07205,1.07592,1.06656,1.06898,149265,1.34831E+11,0
2016.11.17,1.06899,1.07453,1.06197,1.06241,159831,1.51421E+11,7
2016.11.18,1.06216,1.06425,1.05687,1.05826,173588,1.44443E+11,0
2016.11.21,1.05915,1.06488,1.05785,1.06264,167387,1.42489E+11,0
2016.11.22,1.06256,1.06575,1.05835,1.06243,152885,1.33229E+11,7
2016.11.23,1.0622,1.06433,1.05258,1.05516,150838,1.25759E+11,0
2016.11.24,1.05485,1.05849,1.05176,1.05517,136236,1.22215E+11,0
2016.11.25,1.05462,1.0627,1.05291,1.05772,153514,1.27858E+11,0
2016.11.28,1.06079,1.06854,1.05632,1.06122,157206,1.26086E+11,0
2016.11.29,1.06116,1.06542,1.05645,1.06487,145680,1.26162E+11,0
2016.11.30,1.06472,1.06662,1.05521,1.0587,172645,1.55227E+11,0
2016.12.01,1.05891,1.06683,1.05842,1.06596,143640,1.01647E+11,7
2016.12.02,1.06581,1.06896,1.06248,1.06538,126286,87408156000,7
2016.12.05,1.06171,1.07959,1.05044,1.07631,167247,1.04697E+11,0
2016.12.06,1.07617,1.0785,1.06979,1.07177,108323,72887150000,0
2016.12.07,1.07153,1.07679,1.07095,1.07513,90536,62082559000,7
2016.12.08,1.07521,1.08734,1.05968,1.06121,136595,88045362000,0
2016.12.09,1.06117,1.06293,1.05306,1.05515,106246,72253473000,0
2016.12.12,1.05326,1.06513,1.0525,1.06336,110141,61094185000,0
2016.12.13,1.06333,1.06667,1.06034,1.06244,111390,78823399000,0
2016.12.14,1.06233,1.06698,1.04955,1.0534,130434,1.01128E+11,0
2016.12.15,1.05308,1.05389,1.0366,1.04126,176714,1.27697E+11,0
2016.12.16,1.04107,1.04738,1.04003,1.04401,131312,97566249000,0
2016.12.19,1.04374,1.04791,1.03922,1.0401,121196,97982474000,0
2016.12.20,1.03998,1.04175,1.03519,1.03867,115654,95671895000,0
2016.12.21,1.03846,1.04509,1.03819,1.04228,105491,92722104000,0
2016.12.22,1.0422,1.04989,1.04213,1.04355,110550,95386485000,0
2016.12.23,1.04326,1.047,1.04262,1.047,75127,62734680000,0
2016.12.26,1.04607,1.04668,1.03249,1.04491,47828,43544411000,0
2016.12.27,1.04493,1.0463,1.04319,1.04566,72758,70709541000,7
2016.12.28,1.04546,1.04795,1.03717,1.04102,93872,82631639000,0
2016.12.29,1.04162,1.04936,1.04079,1.04892,115168,94690233000,0
2016.12.30,1.04844,1.06522,1.04827,1.05068,148657,1.16767E+11,0
2017.01.02,1.051,1.05275,1.0448,1.04519,72920,62314105000,0
2017.01.03,1.04524,1.04898,1.03399,1.04044,139335,1.24696E+11,7
2017.01.04,1.04044,1.04996,1.03895,1.04871,138590,1.20546E+11,7
2017.01.05,1.04871,1.06149,1.04804,1.06055,170836,1.40005E+11,7
2017.01.06,1.06005,1.06207,1.05235,1.05235,146008,1.18344E+11,0
2017.01.09,1.05292,1.05826,1.05104,1.05723,125800,1.00548E+11,0
2017.01.10,1.05718,1.06268,1.05506,1.05534,147523,1.14947E+11,0
2017.01.11,1.0553,1.06226,1.04534,1.05818,180859,1.4709E+11,0
2017.01.12,1.05818,1.06844,1.0571,1.06109,180739,1.38776E+11,0
2017.01.13,1.06104,1.0673,1.05959,1.0642,140972,1.04055E+11,7
2017.01.16,1.06023,1.06355,1.05789,1.05946,117923,93007350000,0
2017.01.17,1.05946,1.0719,1.05893,1.0712,171611,1.35952E+11,0
2017.01.18,1.07111,1.0715,1.06278,1.06286,145054,1.19682E+11,0
2017.01.19,1.06288,1.06763,1.05888,1.06627,167230,1.35222E+11,0
2017.01.20,1.0661,1.0709,1.06248,1.06982,161072,1.44332E+11,7
2017.01.23,1.07004,1.07688,1.0693,1.07631,156981,1.33345E+11,0
2017.01.24,1.07643,1.07745,1.07199,1.0731,142073,1.24087E+11,0
2017.01.25,1.07288,1.07694,1.07109,1.07465,139081,1.20543E+11,0
2017.01.26,1.07477,1.07653,1.06572,1.0681,146134,1.29395E+11,0
2017.01.27,1.06794,1.07247,1.06579,1.06968,129909,1.13458E+11,0
2017.01.30,1.07023,1.07399,1.062,1.0692,130424,1.10751E+11,0
2017.01.31,1.06921,1.0812,1.06843,1.07968,168241,1.51411E+11,7
2017.02.01,1.07958,1.0807,1.07298,1.07675,147733,1.34343E+11,0
2017.02.02,1.07668,1.08284,1.07556,1.07569,150389,1.32245E+11,0
2017.02.03,1.0757,1.07973,1.07106,1.07789,138674,1.19305E+11,0
2017.02.06,1.07848,1.07906,1.07053,1.07488,128085,1.15592E+11,0
2017.02.07,1.07392,1.07492,1.06558,1.0682,129264,1.12364E+11,0
2017.02.08,1.06795,1.07138,1.06402,1.06969,128190,1.08838E+11,0
2017.02.09,1.06971,1.07092,1.06505,1.06541,122349,1.01099E+11,0
2017.02.10,1.06552,1.06674,1.06072,1.06377,126662,1.14423E+11,0
2017.02.13,1.06276,1.06581,1.05917,1.05972,111130,1.06745E+11,0
2017.02.14,1.05948,1.06331,1.05607,1.05764,122216,1.03411E+11,0
2017.02.15,1.05738,1.0609,1.0521,1.05991,129683,1.16084E+11,7
2017.02.16,1.0598,1.0679,1.05906,1.06727,129206,1.16496E+11,0
2017.02.17,1.06725,1.06762,1.06051,1.06056,117825,1.0477E+11,0
2017.02.20,1.06069,1.06326,1.06029,1.06103,94749,85139246000,0
2017.02.21,1.06099,1.06149,1.05255,1.05349,114609,1.00725E+11,7
2017.02.22,1.05345,1.05737,1.04933,1.05573,130425,1.09539E+11,0
2017.02.23,1.05526,1.05949,1.05373,1.05804,114714,94768004000,0
2017.02.24,1.05778,1.06176,1.05513,1.05513,114958,1.00127E+11,0
2017.02.27,1.05622,1.06304,1.05511,1.05851,112006,97471144000,0
2017.02.28,1.05851,1.06298,1.0568,1.05757,119666,1.05352E+11,7
2017.03.01,1.05731,1.0589,1.05138,1.05459,145664,1.26835E+11,7
2017.03.02,1.05457,1.05512,1.04946,1.05059,119742,1.04994E+11,7
2017.03.03,1.05058,1.06236,1.05015,1.06166,132864,1.25473E+11,0
2017.03.06,1.06033,1.06397,1.05745,1.05803,110065,1.04139E+11,7
2017.03.07,1.05806,1.06022,1.0558,1.05655,101958,94807972000,7
2017.03.08,1.05635,1.05738,1.05345,1.05392,114282,1.07359E+11,7
2017.03.09,1.05392,1.06151,1.05247,1.05756,140205,1.24504E+11,7
2017.03.10,1.05737,1.06988,1.05721,1.06712,133854,1.19182E+11,7
2017.03.13,1.06832,1.07141,1.06519,1.06535,124435,1.11342E+11,7
2017.03.14,1.06533,1.06624,1.05995,1.06077,114250,1.0606E+11,0
2017.03.15,1.06077,1.07397,1.06042,1.0736,130081,1.12207E+11,7
2017.03.16,1.07359,1.07738,1.07053,1.07715,139451,1.20739E+11,0
2017.03.17,1.07715,1.07821,1.07272,1.07362,114154,1.04154E+11,0
2017.03.20,1.07384,1.0777,1.07249,1.07363,97003,84523211000,7
2017.03.21,1.07363,1.0819,1.07189,1.0806,129951,1.16245E+11,7
2017.03.22,1.08061,1.08245,1.07755,1.07919,127134,1.1037E+11,0
2017.03.23,1.07919,1.08047,1.07677,1.07822,119707,1.0798E+11,0
2017.03.24,1.07821,1.08178,1.076,1.07957,110958,1.00135E+11,7
2017.03.27,1.08316,1.09057,1.08266,1.08638,115047,97826696000,0
2017.03.28,1.08637,1.08723,1.07985,1.08123,101690,96475270000,7
2017.03.29,1.08117,1.08263,1.07396,1.0764,110785,1.00453E+11,0
2017.03.30,1.07647,1.07695,1.06717,1.0674,109951,1.06764E+11,0
2017.03.31,1.06742,1.07017,1.06462,1.06462,111341,1.0617E+11,7
2017.04.03,1.06591,1.06807,1.06421,1.06683,95896,94785980000,7
2017.04.04,1.0669,1.0677,1.06354,1.0672,90474,86249557000,7
2017.04.05,1.0671,1.06887,1.06345,1.06624,101806,93236041000,0
2017.04.06,1.06611,1.06838,1.06287,1.06434,102924,97219376000,0
2017.04.07,1.06425,1.06664,1.05804,1.05884,121252,1.14543E+11,7
2017.04.10,1.0586,1.06063,1.05695,1.05947,85374,79191654000,7
2017.04.11,1.05935,1.06299,1.05783,1.06037,91908,86127361000,7
2017.04.12,1.06034,1.06749,1.05886,1.06633,97739,88365317000,7
2017.04.13,1.06639,1.06773,1.06089,1.06122,96747,95979234000,0
2017.04.14,1.06116,1.06294,1.06056,1.06096,56440,45221840000,0
2017.04.17,1.06102,1.06701,1.06025,1.06411,66325,67532222000,0
2017.04.18,1.06415,1.07357,1.06365,1.07302,104650,1.03932E+11,7
2017.04.19,1.07279,1.07366,1.06995,1.07094,88867,87307347000,7
2017.04.20,1.07089,1.07773,1.07073,1.07161,89234,88524457000,0
2017.04.21,1.0716,1.07378,1.0682,1.07266,87727,86082253000,0
2017.04.24,1.09047,1.09061,1.08205,1.08667,127035,1.03386E+11,0
2017.04.25,1.08668,1.09497,1.08511,1.09245,98577,90073692000,0
2017.04.26,1.09243,1.09506,1.08554,1.09033,114756,1.09147E+11,7
2017.04.27,1.09024,1.09325,1.08514,1.0872,107815,99620837000,0
2017.04.28,1.08702,1.09471,1.08567,1.08921,104029,93087443000,0
2017.05.01,1.09086,1.09234,1.08838,1.08985,61763,64751866000,0
2017.05.02,1.0897,1.09328,1.08878,1.09317,88672,84328787000,0
2017.05.03,1.09276,1.09365,1.08825,1.08839,99328,94948140000,0
2017.05.04,1.08847,1.09869,1.08745,1.09837,120420,1.13647E+11,0
2017.05.05,1.09837,1.09988,1.09476,1.09863,110899,96806407000,7
2017.05.08,1.1016,1.10176,1.09159,1.09236,114797,1.02473E+11,0
2017.05.09,1.09234,1.09331,1.08631,1.08729,113893,1.13435E+11,0
2017.05.10,1.08728,1.08979,1.0853,1.08672,106932,1.06929E+11,0
2017.05.11,1.08671,1.08927,1.08387,1.08611,102157,1.03269E+11,0
2017.05.12,1.08611,1.09341,1.08553,1.09268,100190,98124945000,0
2017.05.15,1.09318,1.09892,1.09222,1.09748,93364,88872571000,0
2017.05.16,1.09747,1.1097,1.0973,1.10825,114885,1.09665E+11,0
2017.05.17,1.10823,1.11618,1.10792,1.11583,138429,1.33804E+11,0
2017.05.18,1.11583,1.11716,1.10755,1.11027,166368,1.65624E+11,0
2017.05.19,1.11025,1.12115,1.10957,1.1174,116792,1.15394E+11,0
2017.05.22,1.11984,1.12631,1.11611,1.12371,109234,1.02023E+11,0
2017.05.23,1.12371,1.1268,1.11747,1.11825,133294,1.283E+11,0
2017.05.24,1.11821,1.12198,1.11681,1.12184,122089,1.14934E+11,0
2017.05.25,1.12181,1.12502,1.11932,1.12101,105897,1.04337E+11,0
2017.05.26,1.121,1.12342,1.11602,1.11733,106175,98878338000,0
2017.05.29,1.1166,1.11896,1.11615,1.11627,63380,60651428000,0
2017.05.30,1.11622,1.12051,1.11092,1.11855,113162,1.07107E+11,0
2017.05.31,1.11853,1.1252,1.11643,1.1243,117413,1.10373E+11,0
2017.06.01,1.12429,1.12564,1.12018,1.12121,101176,95704177000,0
2017.06.02,1.12123,1.12848,1.12047,1.12784,102096,91570872000,0
2017.06.05,1.12699,1.12835,1.12339,1.12536,70597,0,7
2017.06.06,1.12546,1.12837,1.12401,1.12764,83702,0,7
2017.06.07,1.12749,1.12824,1.12037,1.12563,91241,0,7
2017.06.08,1.12557,1.12691,1.11948,1.12122,96459,0,7
2017.06.09,1.12153,1.12365,1.11661,1.11935,104926,0,7
2017.06.12,1.12045,1.12318,1.11916,1.12039,75047,0,7
2017.06.13,1.12015,1.12247,1.1185,1.121,70564,0,7
2017.06.14,1.121,1.12954,1.11927,1.12173,113762,0,7
2017.06.15,1.12157,1.12283,1.11318,1.11449,103220,0,7
2017.06.16,1.11435,1.12014,1.11382,1.11961,80713,0,7
2017.06.19,1.12037,1.12125,1.11428,1.11476,73454,0,7
2017.06.20,1.11476,1.11647,1.11186,1.11337,85437,0,7
2017.06.21,1.11319,1.11687,1.1127,1.11682,78520,0,7
2017.06.22,1.11682,1.11777,1.1139,1.11509,75887,0,7
2017.06.23,1.11512,1.12087,1.11449,1.11928,66542,0,7
2017.06.26,1.11969,1.12195,1.11714,1.1181,77077,0,7
2017.06.27,1.11785,1.1349,1.11785,1.13379,100855,0,7
2017.06.28,1.13366,1.13901,1.12912,1.13762,124772,0,7
2017.06.29,1.13784,1.14451,1.13741,1.14396,104949,0,7
2017.06.30,1.14396,1.14449,1.13919,1.14254,102491,0,7
2017.07.03,1.14175,1.14264,1.13548,1.13641,77342,0,7
2017.07.04,1.13612,1.13766,1.13357,1.13438,73694,0,7
2017.07.05,1.13401,1.13682,1.13121,1.13495,87936,0,7
2017.07.06,1.13505,1.14243,1.13269,1.14216,92188,0,7
2017.07.07,1.14207,1.14395,1.13794,1.13954,95190,0,7
2017.07.10,1.13965,1.14177,1.13814,1.13985,68890,0,7
2017.07.11,1.13966,1.14793,1.13825,1.14659,85981,0,7
2017.07.12,1.14641,1.14891,1.13914,1.14127,110284,0,7
2017.07.13,1.14124,1.14556,1.137,1.13966,101933,0,7
2017.07.14,1.13958,1.14718,1.13912,1.14666,95464,0,7
2017.07.17,1.14688,1.14866,1.14345,1.14777,85279,0,7
2017.07.18,1.1479,1.1583,1.14711,1.15538,123356,0,7
2017.07.19,1.15539,1.15559,1.15097,1.15152,87143,0,7
2017.07.20,1.15135,1.16579,1.1479,1.16303,129413,0,7
2017.07.21,1.16296,1.16825,1.16188,1.16623,100851,0,7
2017.07.24,1.16589,1.1684,1.16256,1.16417,93411,0,7
2017.07.25,1.16421,1.17122,1.16304,1.16464,105844,0,7
2017.07.26,1.16476,1.17394,1.16123,1.17262,115067,0,7
2017.07.27,1.17262,1.17765,1.16497,1.16757,126281,0,7
2017.07.28,1.16757,1.17638,1.16709,1.17494,115408,0,7
2017.07.31,1.17518,1.18446,1.17229,1.18397,106146,0,7
2017.08.01,1.18397,1.18415,1.17849,1.18021,107716,0,7
2017.08.02,1.18006,1.191,1.17932,1.18545,105759,0,7
2017.08.03,1.18548,1.18926,1.18302,1.18706,102558,0,7
2017.08.04,1.18706,1.18889,1.17278,1.17719,101270,0,7
2017.08.07,1.17729,1.18139,1.17679,1.17949,77256,0,7
2017.08.08,1.17942,1.18235,1.17149,1.17527,90325,0,7
2017.08.09,1.17502,1.17635,1.16885,1.17578,108589,0,7
2017.08.10,1.17558,1.1785,1.17039,1.17725,105884,0,7
2017.08.11,1.17717,1.18468,1.17483,1.18189,99755,0,7
2017.08.14,1.18212,1.1838,1.17694,1.17811,83133,0,7
2017.08.15,1.17811,1.17923,1.16869,1.17341,99746,0,7
2017.08.16,1.17337,1.17783,1.16809,1.17667,107933,0,7
2017.08.17,1.17673,1.17897,1.16619,1.17228,118611,0,7
2017.08.18,1.17222,1.17741,1.1708,1.17578,106589,0,7
2017.08.21,1.1759,1.18277,1.17307,1.18151,75165,0,7
2017.08.22,1.1814,1.18239,1.17448,1.17611,80786,0,7
2017.08.23,1.17611,1.1823,1.17398,1.18086,83246,0,7
2017.08.24,1.18086,1.18175,1.17838,1.17993,80722,0,7
2017.08.25,1.17987,1.19411,1.17728,1.19209,102284,0,7
2017.08.28,1.19423,1.19834,1.19166,1.19775,78629,0,7
2017.08.29,1.19775,1.20699,1.19461,1.19786,132534,0,7
2017.08.30,1.1971,1.19839,1.18813,1.18819,107032,0,7
2017.08.31,1.18825,1.19123,1.18228,1.19039,106358,0,7
2017.09.01,1.19039,1.19795,1.18499,1.18627,110698,0,7
2017.09.04,1.18807,1.19217,1.18735,1.18934,83495,0,7
2017.09.05,1.18934,1.19404,1.18679,1.19165,111039,0,7
2017.09.06,1.19081,1.195,1.19025,1.19187,110713,0,7
2017.09.07,1.19158,1.20593,1.19136,1.20233,127459,0,7
2017.09.08,1.20208,1.20921,1.20145,1.20337,132416,0,7
2017.09.11,1.20161,1.20292,1.19489,1.19524,94949,0,7
2017.09.12,1.19522,1.19781,1.19262,1.19662,98874,1054193000,0
2017.09.13,1.19661,1.19949,1.18729,1.18848,91691,0,0
2017.09.14,1.18848,1.19223,1.18379,1.19187,104436,0,0
2017.09.15,1.19187,1.19867,1.19009,1.19447,106378,0,0
2017.09.18,1.19233,1.19693,1.1915,1.19521,81949,0,0
2017.09.19,1.19521,1.20065,1.19481,1.19935,98023,0,0
2017.09.20,1.19936,1.2033,1.18611,1.18926,111009,0,0
2017.09.21,1.18926,1.19535,1.18656,1.19407,105748,0,0
2017.09.22,1.19399,1.20045,1.19366,1.19465,96464,0,0
2017.09.25,1.18987,1.19366,1.18321,1.18472,99349,0,0
2017.09.26,1.18472,1.18615,1.17573,1.17925,109990,0,0
2017.09.27,1.17925,1.17952,1.17171,1.17444,109641,0,0
2017.09.28,1.17444,1.1804,1.1721,1.17858,96028,0,0
2017.09.29,1.17854,1.18324,1.17725,1.18131,86784,0,0
2017.10.02,1.17945,1.18151,1.17302,1.17326,82363,0,0
2017.10.03,1.17326,1.17735,1.1696,1.17434,79408,0,0
2017.10.04,1.17434,1.17876,1.17349,1.17589,76900,0,0
2017.10.05,1.17589,1.17788,1.16991,1.17106,74302,0,0
2017.10.06,1.17106,1.17387,1.16692,1.1729,86157,0,0
2017.10.09,1.17305,1.17561,1.17195,1.17402,42403,0,0
2017.10.10,1.17402,1.18253,1.1739,1.18077,75653,0,0
2017.10.11,1.18077,1.1869,1.17951,1.18581,77005,0,0
2017.10.12,1.18581,1.18797,1.1827,1.18294,71471,0,0
2017.10.13,1.18294,1.18749,1.18052,1.18195,78314,0,0
2017.10.16,1.1812,1.18194,1.17805,1.17952,62985,0,0
2017.10.17,1.17958,1.18,1.17361,1.17659,66340,0,0
2017.10.18,1.1766,1.18053,1.173,1.17872,69408,0,0
2017.10.19,1.17872,1.18578,1.17681,1.18508,84852,0,0
2017.10.20,1.18508,1.18579,1.17623,1.17811,87654,0,0
2017.10.23,1.17664,1.17774,1.17247,1.17487,62236,0,0
2017.10.24,1.17487,1.17929,1.17428,1.17606,67471,0,0
2017.10.25,1.17605,1.18176,1.17531,1.18126,88120,0,0
2017.10.26,1.18126,1.18367,1.16403,1.16503,89540,0,0
2017.10.27,1.16503,1.16568,1.15742,1.16075,92165,0,0
2017.10.30,1.16054,1.16578,1.15933,1.16505,59230,0,0
2017.10.31,1.16503,1.16612,1.16248,1.16457,57679,0,0
2017.11.01,1.16451,1.16573,1.16063,1.16184,71448,0,0
2017.11.02,1.16177,1.16782,1.1613,1.16559,79755,0,0
2017.11.03,1.16559,1.16906,1.15991,1.16066,69187,0,0
2017.11.06,1.16097,1.16241,1.15802,1.16089,66254,0,0
2017.11.07,1.16091,1.16157,1.1554,1.15854,73309,0,0
2017.11.08,1.15854,1.1611,1.15792,1.15943,59168,0,0
2017.11.09,1.15943,1.16548,1.15856,1.16411,77089,0,0
2017.11.10,1.16411,1.16779,1.16227,1.16637,59113,0,0
2017.11.13,1.16574,1.16752,1.16373,1.16667,50702,0,0
2017.11.14,1.16665,1.18048,1.16614,1.17974,66006,0,0
2017.11.15,1.17974,1.18603,1.17846,1.17903,86935,0,0
2017.11.16,1.17903,1.18008,1.17566,1.17695,71840,0,0
2017.11.17,1.17695,1.18217,1.17653,1.17884,71379,0,0
2017.11.20,1.17852,1.18085,1.17221,1.1733,81311,0,0
2017.11.21,1.1733,1.17577,1.17129,1.17378,65234,0,0
2017.11.22,1.17378,1.18269,1.17321,1.18218,63677,0,0
2017.11.23,1.18218,1.1856,1.18132,1.18486,48643,0,0
2017.11.24,1.18486,1.19443,1.18368,1.19287,63203,0,0
2017.11.27,1.19265,1.19611,1.18955,1.18978,66198,0,0
2017.11.28,1.1897,1.19199,1.18268,1.18372,83602,0,0
2017.11.29,1.18365,1.18827,1.18168,1.18468,76114,0,0
2017.11.30,1.18468,1.19315,1.18089,1.19035,83311,0,0
2017.12.01,1.19031,1.19403,1.18508,1.18919,112210,0,0
2017.12.04,1.18618,1.18786,1.18291,1.18656,83207,0,0
2017.12.05,1.18655,1.18766,1.18007,1.18261,83768,0,0
2017.12.06,1.18247,1.1848,1.17806,1.17948,76974,0,0
2017.12.07,1.17948,1.18147,1.17719,1.17719,70650,0,0
2017.12.08,1.17719,1.17765,1.17302,1.17731,79807,0,0
2017.12.11,1.1765,1.18118,1.17634,1.17685,61944,0,0
2017.12.12,1.17685,1.17927,1.17175,1.1741,63642,0,0
2017.12.13,1.1741,1.18315,1.17294,1.18257,79958,0,0
2017.12.14,1.18257,1.18625,1.17707,1.17773,97269,0,0
2017.12.15,1.17774,1.18124,1.17482,1.17505,78757,0,0
2017.12.18,1.17435,1.18344,1.17375,1.17812,97584,0,1
2017.12.19,1.17812,1.18486,1.17766,1.18385,106375,0,1
2017.12.20,1.18382,1.19017,1.18289,1.18702,103982,0,1
2017.12.21,1.18702,1.18896,1.18493,1.18724,94619,0,0
2017.12.22,1.18722,1.18754,1.18169,1.1863,103267,0,1
2017.12.26,1.18704,1.18785,1.18466,1.18579,30123,0,1
2017.12.27,1.18579,1.19103,1.18551,1.18865,85184,0,1
2017.12.28,1.18865,1.19589,1.18864,1.19422,79872,0,1
2017.12.29,1.19422,1.20255,1.19362,1.20045,85664,0,1
2018.01.02,1.20088,1.20812,1.20007,1.20579,92779,0,1
2018.01.03,1.20579,1.20661,1.2001,1.20142,100595,0,1
2018.01.04,1.20142,1.20889,1.20043,1.20678,109715,0,1
2018.01.05,1.20678,1.20828,1.20206,1.20298,113628,0,1
2018.01.08,1.20268,1.20523,1.19556,1.19669,88921,0,1
2018.01.09,1.19669,1.19756,1.19155,1.19364,100787,0,1
2018.01.10,1.19364,1.20181,1.19232,1.19474,151752,0,1
2018.01.11,1.19474,1.20588,1.19293,1.20314,155197,0,1
2018.01.12,1.20314,1.22185,1.20308,1.22,189447,0,1
2018.01.15,1.21932,1.22965,1.21875,1.22626,155933,0,1
2018.01.16,1.22626,1.22834,1.21951,1.22595,164847,0,1
2018.01.17,1.22595,1.23231,1.21769,1.21843,204183,0,1
2018.01.18,1.21843,1.22648,1.21652,1.22369,167647,0,1
2018.01.19,1.22369,1.22954,1.22149,1.22224,160024,0,1
2018.01.22,1.22698,1.22708,1.22139,1.22615,129818,0,1
2018.01.23,1.22615,1.23062,1.2223,1.22983,147486,0,1
2018.01.24,1.22979,1.24149,1.22912,1.2407,185845,0,1
2018.01.25,1.2407,1.25378,1.23638,1.23926,308719,0,1
2018.01.26,1.23926,1.24938,1.23699,1.24264,233580,0,0
2018.01.29,1.24259,1.24321,1.23368,1.23813,184146,0,1
2018.01.30,1.23813,1.2454,1.23348,1.24021,176386,0,1
2018.01.31,1.24017,1.24748,1.2387,1.24132,208308,0,1
2018.02.01,1.24132,1.2522,1.23854,1.25078,185833,0,1
2018.02.02,1.25073,1.25181,1.24091,1.2456,196693,0,1
2018.02.05,1.24344,1.24749,1.23625,1.23665,212883,0,1
2018.02.06,1.23658,1.24346,1.23139,1.23768,298127,0,1
2018.02.07,1.23768,1.2406,1.22457,1.22627,180783,0,1
2018.02.08,1.2262,1.22948,1.22121,1.22467,237241,0,1
2018.02.09,1.22467,1.22873,1.22054,1.22498,231451,0,1
2018.02.12,1.22442,1.22973,1.2235,1.22906,136792,0,1
2018.02.13,1.22906,1.2371,1.22845,1.23501,138960,0,1
2018.02.14,1.23497,1.24651,1.22758,1.24494,197638,0,1
2018.02.15,1.24491,1.25102,1.2448,1.25062,165673,0,1
2018.02.16,1.25062,1.25554,1.23934,1.24105,171908,0,1
2018.02.19,1.24008,1.24352,1.23691,1.2407,118021,0,1
2018.02.20,1.24068,1.24123,1.23196,1.23367,150082,0,1
2018.02.21,1.23367,1.23598,1.2281,1.22822,190080,0,1
2018.02.22,1.22819,1.23521,1.22595,1.23292,150020,0,1
2018.02.23,1.23292,1.23369,1.22798,1.22935,117594,0,1
2018.02.26,1.2293,1.2355,1.22779,1.23167,127575,0,1
2018.02.27,1.23167,1.23464,1.22215,1.22325,154107,0,1
2018.02.28,1.22325,1.22416,1.21878,1.21929,141018,0,1
2018.03.01,1.21924,1.22733,1.21546,1.22651,172658,0,1
2018.03.02,1.22651,1.23359,1.22514,1.23184,153468,0,1
2018.03.05,1.23324,1.23645,1.22688,1.23353,159863,0,1
2018.03.06,1.23353,1.24201,1.2328,1.24033,148585,0,1
2018.03.07,1.24033,1.24448,1.23848,1.24107,150782,0,1
2018.03.08,1.24107,1.24462,1.22979,1.23103,175052,0,1
2018.03.09,1.23102,1.23342,1.2273,1.23053,152115,0,1
2018.03.12,1.23096,1.23456,1.22903,1.23346,103057,0,1
2018.03.13,1.23344,1.24074,1.23145,1.23911,134095,0,1
2018.03.14,1.23911,1.24125,1.23471,1.2368,132189,0,1
2018.03.15,1.23678,1.23836,1.23003,1.23044,139664,0,1
2018.03.16,1.23046,1.23362,1.226,1.22889,110331,0,1
2018.03.19,1.22872,1.23588,1.2258,1.23341,117506,0,1
2018.03.20,1.23341,1.23547,1.22396,1.22435,111873,0,1
2018.03.21,1.22435,1.23498,1.22417,1.23385,145129,0,1
2018.03.22,1.23385,1.23885,1.2285,1.23056,150537,0,1
2018.03.23,1.23056,1.23733,1.23056,1.23514,125138,0,1
2018.03.26,1.23497,1.24615,1.23485,1.24431,111194,0,1
2018.03.27,1.24422,1.24763,1.23719,1.2402,124710,0,1
2018.03.28,1.24017,1.24216,1.23,1.23073,123308,0,1
2018.03.29,1.23079,1.23358,1.22839,1.23001,115697,0,1
2018.03.30,1.22999,1.23304,1.22866,1.23218,54735,0,1
2018.04.02,1.23192,1.2345,1.22811,1.23016,65570,0,1
2018.04.03,1.23018,1.2336,1.22536,1.22699,106695,0,1
2018.04.04,1.22699,1.23147,1.2257,1.22777,67672,0,1
2018.04.05,1.22774,1.22903,1.22183,1.22401,66831,0,1
2018.04.06,1.22394,1.22908,1.22149,1.22809,99875,0,1
2018.04.09,1.22794,1.23309,1.22602,1.23204,77883,0,1
2018.04.10,1.23184,1.23776,1.23027,1.23557,86437,0,1
2018.04.11,1.2355,1.23964,1.23469,1.23669,77839,0,1
2018.04.12,1.23657,1.23798,1.22992,1.23261,80071,0,1
2018.04.13,1.23255,1.23459,1.2307,1.2329,63714,0,1
2018.04.16,1.23289,1.23945,1.23231,1.23792,57512,0,1
2018.04.17,1.23783,1.24137,1.2336,1.23692,59231,0,1
2018.04.18,1.23689,1.23971,1.23415,1.23734,70339,0,1
2018.04.19,1.23726,1.24002,1.23291,1.23453,80260,0,1
2018.04.20,1.23446,1.23529,1.22496,1.22873,72329,0,1
2018.04.23,1.22695,1.22895,1.21975,1.22083,74477,0,1
2018.04.24,1.22083,1.2245,1.21816,1.22318,80163,0,1
2018.04.25,1.22311,1.22387,1.216,1.21605,78942,0,1
2018.04.26,1.21599,1.22099,1.20963,1.21031,116739,0,1
2018.04.27,1.21031,1.21329,1.20553,1.21293,90007,0,1
2018.04.30,1.21248,1.21387,1.20641,1.20774,87762,0,1
2018.05.01,1.20772,1.2084,1.19814,1.19921,78079,0,1
2018.05.02,1.19921,1.20316,1.19379,1.19503,128842,0,1
2018.05.03,1.19503,1.20088,1.19477,1.19878,121867,0,1
2018.05.04,1.19878,1.19954,1.19108,1.19609,98396,0,1
2018.05.07,1.19507,1.1978,1.18975,1.19218,65117,0,1
2018.05.08,1.19218,1.19387,1.1838,1.1864,101635,0,1
2018.05.09,1.18638,1.18969,1.18226,1.18501,92730,0,1
2018.05.10,1.18502,1.19465,1.18429,1.19149,122785,0,1
2018.05.11,1.19145,1.19679,1.18911,1.19417,85555,0,1
2018.05.14,1.19418,1.19961,1.1926,1.19262,80250,0,1
2018.05.15,1.19261,1.19385,1.18201,1.18374,110146,0,1
2018.05.16,1.18374,1.18543,1.17631,1.18069,130008,0,1
2018.05.17,1.18065,1.18374,1.17763,1.17931,115750,0,1
2018.05.18,1.17938,1.18221,1.17498,1.17705,87408,0,1
2018.05.21,1.17696,1.17957,1.17166,1.17911,78020,0,1
2018.05.22,1.17911,1.18297,1.17565,1.1778,99635,0,1
2018.05.23,1.17782,1.17896,1.16758,1.16951,140803,0,1
2018.05.24,1.16948,1.17503,1.16907,1.17192,113681,0,1
2018.05.25,1.17202,1.17335,1.16452,1.16492,107336,0,1
2018.05.28,1.16823,1.17284,1.16073,1.16238,91144,0,1
2018.05.29,1.1623,1.16396,1.15098,1.15391,161703,0,0
2018.05.30,1.15349,1.16762,1.15186,1.16622,143785,0,1
2018.05.31,1.16622,1.17244,1.16409,1.16906,128391,0,1
2018.06.01,1.16879,1.17179,1.16166,1.16596,118620,0,1
2018.06.04,1.16554,1.17445,1.16554,1.16978,90141,0,0
2018.06.05,1.16966,1.17321,1.16526,1.17167,100777,0,1
2018.06.06,1.17118,1.17956,1.17107,1.17735,100373,0,1
2018.06.07,1.17728,1.18398,1.17723,1.17979,112147,0,1
2018.06.08,1.17981,1.18103,1.17269,1.17693,90929,0,1
2018.06.11,1.17732,1.18204,1.1771,1.17828,74392,0,1
2018.06.12,1.17821,1.1809,1.17329,1.17454,96897,0,1
2018.06.13,1.17461,1.18008,1.17249,1.17912,101323,0,1
2018.06.14,1.17908,1.18519,1.15628,1.15659,138338,0,1
2018.06.15,1.1568,1.1627,1.1543,1.1607,115763,0,1
2018.06.18,1.15874,1.16242,1.15652,1.16222,76216,0,1
2018.06.19,1.16224,1.16443,1.15305,1.15877,128559,0,1
2018.06.20,1.15872,1.15999,1.15359,1.15704,105384,0,1
2018.06.21,1.15695,1.16335,1.15078,1.16025,137199,0,1
2018.06.22,1.15983,1.16749,1.15982,1.16539,127058,0,1
2018.06.25,1.16635,1.1713,1.16284,1.17027,106506,0,1
2018.06.26,1.17027,1.17205,1.16347,1.1646,121598,0,1
2018.06.27,1.16455,1.16721,1.15404,1.15524,122606,0,1
2018.06.28,1.15516,1.16006,1.15271,1.15679,131958,0,1
2018.06.29,1.15672,1.16903,1.1558,1.16831,142851,0,1
2018.07.02,1.16841,1.16894,1.15912,1.16388,95314,0,1
2018.07.03,1.16386,1.16731,1.16203,1.1655,92957,0,1
2018.07.04,1.16559,1.16817,1.16305,1.16555,75752,0,1
2018.07.05,1.16554,1.17203,1.16499,1.16895,99612,0,1
2018.07.06,1.16892,1.17679,1.168,1.17435,89473,0,1
2018.07.09,1.17382,1.17908,1.17326,1.17496,88040,0,1
2018.07.10,1.17495,1.17626,1.16902,1.17438,80664,0,1
2018.07.11,1.17424,1.17584,1.16653,1.16714,113328,0,1
2018.07.12,1.16718,1.16957,1.16496,1.16705,95067,0,1
2018.07.13,1.16698,1.16867,1.16128,1.16856,90837,0,1
2018.07.16,1.16895,1.17254,1.16755,1.17108,82627,0,1
2018.07.17,1.17094,1.17446,1.16491,1.16602,96980,0,1
2018.07.18,1.16591,1.16649,1.16019,1.1638,93327,0,0
2018.07.19,1.16381,1.16785,1.15747,1.16409,134415,0,1
2018.07.20,1.16419,1.17388,1.16262,1.17209,146710,0,1
2018.07.23,1.17261,1.17497,1.16833,1.16915,73082,0,3
2018.07.24,1.16913,1.17165,1.16542,1.16856,76859,0,5
2018.07.25,1.16856,1.17382,1.16635,1.1728,79792,0,3
2018.07.26,1.1729,1.17433,1.16397,1.16423,77509,0,3
2018.07.27,1.16403,1.1664,1.16199,1.16565,65298,0,3
2018.07.30,1.16563,1.17184,1.16477,1.1705,50121,0,2
2018.07.31,1.17027,1.17455,1.16855,1.16906,70827,0,3
2018.08.01,1.16895,1.16993,1.16568,1.16594,62909,0,2
2018.08.02,1.1659,1.16671,1.15813,1.1584,61156,0,3
2018.08.03,1.15838,1.16102,1.15598,1.15672,68396,0,5
2018.08.06,1.15681,1.15708,1.15296,1.15532,46317,0,2
2018.08.07,1.15532,1.16078,1.155,1.15979,49278,0,3
2018.08.08,1.1598,1.16278,1.15729,1.16096,49821,0,3
2018.08.09,1.16096,1.16189,1.15253,1.15265,58810,0,3
2018.08.10,1.15262,1.1536,1.13878,1.14111,112034,0,3
2018.08.13,1.13714,1.14324,1.13646,1.14096,101338,0,3
2018.08.14,1.14095,1.1429,1.13297,1.13436,81007,0,3
2018.08.15,1.13429,1.13546,1.13006,1.13444,80064,0,3
2018.08.16,1.13452,1.14088,1.13353,1.13758,87129,0,4
2018.08.17,1.13758,1.14445,1.1366,1.14381,75130,0,2
2018.08.20,1.14366,1.14846,1.1394,1.14807,61642,0,3
2018.08.21,1.14802,1.16008,1.14793,1.157,85498,0,4
2018.08.22,1.15696,1.16226,1.15528,1.15958,75217,0,3
2018.08.23,1.15936,1.15993,1.15292,1.15378,73006,0,2
2018.08.24,1.15369,1.16394,1.15344,1.16218,76788,0,4
2018.08.27,1.1616,1.16932,1.15941,1.16777,64033,0,2
2018.08.28,1.16766,1.17333,1.16622,1.16939,73221,0,2
2018.08.29,1.16939,1.17096,1.16514,1.17063,82808,0,3
2018.08.30,1.17063,1.17178,1.16413,1.16697,79792,0,3
2018.08.31,1.16652,1.16897,1.15842,1.16021,87294,0,8
2018.09.03,1.15955,1.16275,1.15885,1.1618,51281,0,3
2018.09.04,1.16169,1.16207,1.15297,1.15804,69457,0,3
2018.09.05,1.15801,1.16398,1.15422,1.16289,77201,0,2
2018.09.06,1.16297,1.16588,1.1605,1.16226,79031,0,4
2018.09.07,1.16226,1.16491,1.15501,1.15526,84349,0,4
2018.09.10,1.15494,1.16158,1.15255,1.1593,59122,0,2
2018.09.11,1.15923,1.16438,1.1565,1.16045,61376,0,3
2018.09.12,1.16041,1.16493,1.15696,1.16252,67488,0,2
2018.09.13,1.16253,1.17007,1.16087,1.16897,64885,0,2
2018.09.14,1.16892,1.17213,1.16202,1.16219,62858,0,4
2018.09.17,1.16231,1.16978,1.16175,1.16829,50096,0,3
2018.09.18,1.16829,1.17241,1.16517,1.1665,76822,0,4
2018.09.19,1.16649,1.17146,1.16496,1.1672,69430,0,3
2018.09.20,1.16718,1.17842,1.16685,1.17765,76388,0,3
2018.09.21,1.17762,1.18024,1.17323,1.17537,72001,0,3
2018.09.24,1.17405,1.18148,1.17237,1.17472,61072,0,3
2018.09.25,1.1748,1.17921,1.17304,1.17658,66466,0,3
2018.09.26,1.17653,1.17974,1.17256,1.17379,77756,0,3
2018.09.27,1.17362,1.17568,1.16385,1.16407,86181,0,2
2018.09.28,1.16407,1.16509,1.15693,1.1602,78258,0,3
2018.10.01,1.16156,1.16243,1.15632,1.15778,64958,0,3
2018.10.02,1.1579,1.158,1.15048,1.1546,70105,0,3
2018.10.03,1.15474,1.15933,1.14639,1.14766,84237,0,3
2018.10.04,1.14762,1.15424,1.1463,1.15134,82675,0,3
2018.10.05,1.15139,1.15494,1.14837,1.15234,89767,0,5
2018.10.08,1.15205,1.15292,1.14596,1.14907,65049,0,6
2018.10.09,1.14903,1.15029,1.14318,1.14899,90038,0,3
2018.10.10,1.14899,1.1545,1.14794,1.15182,79873,0,2
2018.10.11,1.15186,1.15989,1.15175,1.1593,115300,0,3
2018.10.12,1.15861,1.16101,1.15339,1.15584,78170,0,3
2018.10.15,1.15364,1.16059,1.15364,1.15784,68232,0,5
2018.10.16,1.15786,1.16209,1.15657,1.15733,67195,0,5
2018.10.17,1.15733,1.15801,1.14954,1.14999,78065,0,3
2018.10.18,1.15,1.15268,1.14487,1.14523,86453,0,2
2018.10.19,1.14522,1.15342,1.14326,1.15142,87116,0,4
2018.10.22,1.1516,1.15498,1.14553,1.14637,66533,0,2
2018.10.23,1.14635,1.14931,1.14389,1.14697,85905,0,4
2018.10.24,1.14704,1.14761,1.13783,1.13911,89697,0,5
2018.10.25,1.13919,1.14322,1.13558,1.13746,83219,0,2
2018.10.26,1.13731,1.14206,1.13353,1.14021,87255,0,8
2018.10.29,1.13978,1.1416,1.13602,1.1372,74259,0,3
2018.10.30,1.13719,1.13874,1.13401,1.13431,66558,0,3
2018.10.31,1.13431,1.13598,1.13017,1.13135,72835,0,3
2018.11.01,1.13134,1.14238,1.13123,1.14014,78589,0,3
2018.11.02,1.14014,1.14555,1.13718,1.13859,82634,0,5
2018.11.05,1.13853,1.14236,1.13526,1.14067,65926,0,3
2018.11.06,1.14064,1.14375,1.1391,1.1426,65627,0,3
2018.11.07,1.14261,1.14994,1.13942,1.14255,103065,0,3
2018.11.08,1.14253,1.14465,1.13512,1.13629,82459,0,2
2018.11.09,1.13628,1.13685,1.13157,1.13343,79538,0,8
2018.11.12,1.13184,1.13303,1.12153,1.12174,76096,0,4
2018.11.13,1.12176,1.12933,1.12162,1.12898,87913,0,3
2018.11.14,1.12904,1.13472,1.12628,1.1308,97984,0,3
2018.11.15,1.13089,1.1362,1.12703,1.13255,101325,0,3
2018.11.16,1.13249,1.14199,1.13211,1.1414,79708,0,8
2018.11.19,1.14136,1.1464,1.13935,1.14524,57093,0,2
2018.11.20,1.14529,1.14719,1.13583,1.13695,68152,0,3
2018.11.21,1.13695,1.14243,1.13645,1.13843,63793,0,3
2018.11.22,1.13848,1.14337,1.13799,1.14005,53689,0,3
2018.11.23,1.14003,1.14208,1.1327,1.13296,54912,0,4
2018.11.26,1.13391,1.13834,1.13246,1.13273,59473,0,4
2018.11.27,1.13274,1.13434,1.1277,1.12874,73668,0,3
2018.11.28,1.12849,1.13875,1.12667,1.13659,78417,0,2
2018.11.29,1.13658,1.14013,1.13483,1.13925,72933,0,2
2018.11.30,1.13924,1.14001,1.1305,1.13155,67622,0,4
2018.12.03,1.13499,1.13793,1.13189,1.13534,63645,0,3
2018.12.04,1.13535,1.14185,1.13181,1.13423,82664,0,4
2018.12.05,1.13413,1.13609,1.13104,1.13445,50759,0,2
2018.12.06,1.13447,1.14123,1.13205,1.13746,91693,0,3
2018.12.07,1.13767,1.14233,1.136,1.13962,83663,0,4
2018.12.10,1.13893,1.14423,1.135,1.13552,91188,0,3
2018.12.11,1.13548,1.14001,1.13059,1.13163,82309,0,2
2018.12.12,1.1316,1.13868,1.13146,1.1368,83664,0,3
2018.12.13,1.13686,1.1393,1.13307,1.13583,74268,0,3
2018.12.14,1.13574,1.13646,1.12694,1.13053,69178,0,2
2018.12.17,1.12995,1.13574,1.12957,1.13471,66070,0,3
2018.12.18,1.13469,1.14018,1.13363,1.136,70991,0,3
2018.12.19,1.13599,1.14388,1.13599,1.1376,91875,0,3
2018.12.20,1.13762,1.14855,1.1369,1.14452,103392,0,4
2018.12.21,1.14453,1.14736,1.13556,1.13665,93835,0,2
2018.12.24,1.13675,1.14381,1.13599,1.14164,64548,0,3
2018.12.26,1.14144,1.14147,1.13422,1.1352,41184,0,2
2018.12.27,1.13536,1.14538,1.13512,1.14292,99672,0,4
2018.12.28,1.14309,1.14723,1.1426,1.14398,82072,0,5
2018.12.31,1.14337,1.14655,1.1421,1.14558,56624,0,4
2019.01.02,1.14454,1.14967,1.13247,1.13437,75137,0,2
2019.01.03,1.13436,1.14107,1.13088,1.13929,112036,0,3
2019.01.04,1.13923,1.14187,1.13453,1.13955,87686,0,2
2019.01.07,1.13957,1.14821,1.13952,1.14739,61863,0,3
2019.01.08,1.14737,1.14841,1.14216,1.14406,65376,0,3
2019.01.09,1.14409,1.15578,1.1437,1.15415,85116,0,2
2019.01.10,1.15416,1.15698,1.14844,1.14994,77269,0,2
2019.01.11,1.14998,1.154,1.14576,1.14626,75655,0,2
2019.01.14,1.14569,1.14816,1.14501,1.14678,64743,0,4
2019.01.15,1.14678,1.14893,1.13813,1.14124,85035,0,3
2019.01.16,1.14114,1.14244,1.13773,1.13912,67202,0,4
2019.01.17,1.13909,1.14056,1.13697,1.13879,69091,0,4
2019.01.18,1.13878,1.14099,1.13528,1.13655,60631,0,4
2019.01.21,1.13587,1.13907,1.13563,1.13657,40375,0,3
2019.01.22,1.1364,1.13735,1.13356,1.13594,60725,0,3
2019.01.23,1.13593,1.1394,1.13505,1.13807,60240,0,3
2019.01.24,1.13796,1.13911,1.12889,1.13031,91132,0,3
2019.01.25,1.13065,1.14172,1.12997,1.14051,81958,0,4
2019.01.28,1.14006,1.14432,1.13897,1.14262,60108,0,4
2019.01.29,1.14253,1.14498,1.14108,1.1432,77196,0,2
2019.01.30,1.14315,1.15013,1.14057,1.14779,80118,0,3
2019.01.31,1.14789,1.15139,1.14353,1.14461,79532,0,4
2019.02.01,1.14468,1.1488,1.14339,1.14529,68138,0,4
2019.02.04,1.14506,1.146,1.14239,1.1435,56412,0,3
2019.02.05,1.14351,1.14401,1.14007,1.14043,52222,0,3
2019.02.06,1.14038,1.14091,1.13604,1.13607,51390,0,2
2019.02.07,1.13612,1.1368,1.13242,1.13385,55495,0,2
2019.02.08,1.13374,1.13505,1.13206,1.13217,45125,0,3
2019.02.11,1.13196,1.13296,1.12675,1.12748,47074,0,2
2019.02.12,1.12743,1.13392,1.12573,1.13246,51206,0,5
2019.02.13,1.13261,1.1341,1.12595,1.12595,58633,0,3
2019.02.14,1.12609,1.13095,1.12488,1.12939,69496,0,3
2019.02.15,1.1295,1.13058,1.12336,1.12905,63578,0,3
2019.02.18,1.12917,1.13335,1.12886,1.13081,39401,0,4
2019.02.19,1.13087,1.13571,1.1275,1.13394,63496,0,4
2019.02.20,1.13399,1.13707,1.13243,1.13351,62866,0,3
2019.02.21,1.13368,1.1366,1.13197,1.1333,74361,0,4
2019.02.22,1.13319,1.13552,1.13157,1.13303,58498,0,4
2019.02.25,1.13332,1.13671,1.1327,1.1356,55710,0,2
2019.02.26,1.13564,1.14024,1.13447,1.1388,63522,0,3
2019.02.27,1.13887,1.14032,1.13619,1.13685,62231,0,3
2019.02.28,1.13692,1.14192,1.1359,1.13696,71924,0,3
2019.03.01,1.13697,1.14081,1.13529,1.13626,64344,0,2
2019.03.04,1.13734,1.1381,1.13087,1.13386,58233,0,3
2019.03.05,1.13393,1.13406,1.12892,1.13069,56132,0,2
2019.03.06,1.13067,1.13243,1.12852,1.13053,52094,0,4
2019.03.07,1.13058,1.13198,1.11756,1.11923,70529,0,4
2019.03.08,1.11929,1.12457,1.11848,1.12324,67076,0,4
2019.03.11,1.12345,1.1258,1.12214,1.12485,54307,0,3
2019.03.12,1.12484,1.13046,1.12469,1.12877,72484,0,3
2019.03.13,1.12877,1.13383,1.1277,1.13301,54741,0,2
2019.03.14,1.133,1.13372,1.12938,1.13043,63552,0,3
2019.03.15,1.1304,1.13439,1.12996,1.13237,49268,0,3
2019.03.18,1.1323,1.13586,1.13186,1.13349,43144,0,3
2019.03.19,1.13348,1.13612,1.13332,1.13492,42956,0,3
2019.03.20,1.13491,1.14477,1.1335,1.14238,66875,0,3
2019.03.21,1.14238,1.14369,1.1342,1.13727,71203,0,0
2019.03.22,1.13727,1.13903,1.12729,1.13006,79566,0,4
2019.03.25,1.12934,1.1331,1.12885,1.13125,60222,0,4
2019.03.26,1.13125,1.13256,1.12627,1.12699,63123,0,3
2019.03.27,1.12698,1.12852,1.12418,1.12508,81548,0,4
2019.03.28,1.12508,1.12609,1.12132,1.12259,73375,0,5
2019.03.29,1.12261,1.12463,1.12094,1.12166,70101,0,2
2019.04.01,1.12258,1.12496,1.12036,1.12117,64053,0,3
2019.04.02,1.12121,1.12157,1.11833,1.12033,59687,0,4
2019.04.03,1.12037,1.12543,1.11995,1.12312,55770,0,4
2019.04.04,1.12324,1.12472,1.12056,1.12191,52145,0,4
2019.04.05,1.122,1.12476,1.12096,1.12152,48931,0,4
2019.04.08,1.12139,1.12741,1.12101,1.12609,40307,0,2
2019.04.09,1.12587,1.12838,1.12546,1.12609,46549,0,2
2019.04.10,1.12625,1.12872,1.123,1.12724,55052,0,3
2019.04.11,1.12739,1.1287,1.12495,1.12507,47365,0,4
2019.04.12,1.12538,1.13235,1.12504,1.12981,48245,0,3
2019.04.15,1.13032,1.13205,1.12972,1.13023,40594,0,2
2019.04.16,1.13036,1.13135,1.12793,1.12799,57498,0,3
2019.04.17,1.128,1.13234,1.12783,1.12946,48362,0,4
2019.04.18,1.12986,1.13037,1.12258,1.12305,59680,0,2
2019.04.19,1.12306,1.12473,1.12268,1.12388,19241,0,3
2019.04.22,1.12396,1.12616,1.12354,1.1256,19798,0,3
2019.04.23,1.12567,1.12609,1.11918,1.12262,45148,0,2
2019.04.24,1.1227,1.1227,1.11401,1.11524,61319,0,2
2019.04.25,1.11516,1.1162,1.11173,1.11313,56602,0,3
2019.04.26,1.11322,1.11735,1.11105,1.1142,58194,0,3
2019.04.29,1.1139,1.11864,1.1139,1.11852,35978,0,2
2019.04.30,1.11841,1.12286,1.11753,1.1214,55570,0,2
2019.05.01,1.12148,1.12644,1.11867,1.11941,52561,0,2
2019.05.02,1.11942,1.12187,1.11703,1.11709,59203,0,3
2019.05.03,1.1171,1.12045,1.11346,1.12021,62926,0,4
2019.05.06,1.11707,1.1209,1.1167,1.11978,50693,0,3
2019.05.07,1.11985,1.12176,1.11662,1.11906,55133,0,3
2019.05.08,1.11914,1.12134,1.11823,1.11904,65660,0,4
2019.05.09,1.11916,1.12505,1.1173,1.12128,71388,0,3
2019.05.10,1.12115,1.12532,1.12115,1.12333,61716,0,3
2019.05.13,1.12296,1.12631,1.12208,1.12208,53948,0,2
2019.05.14,1.1224,1.12436,1.12008,1.12028,46273,0,4
2019.05.15,1.12029,1.12242,1.11776,1.12,54977,0,2
2019.05.16,1.12013,1.12236,1.11658,1.11734,43955,0,3
2019.05.17,1.11723,1.11839,1.11548,1.11565,52345,0,4
2019.05.20,1.116,1.11744,1.11503,1.1165,39688,0,4
2019.05.21,1.11649,1.11876,1.11416,1.11598,49267,0,3
2019.05.22,1.11612,1.11799,1.11483,1.11494,40186,0,3
2019.05.23,1.11499,1.11871,1.11066,1.11807,56391,0,3
2019.05.24,1.11817,1.12118,1.11712,1.12044,47653,0,3
2019.05.27,1.12094,1.1215,1.11865,1.11908,22325,0,2
2019.05.28,1.11907,1.12009,1.11586,1.11591,47476,0,1
2019.05.29,1.11594,1.11721,1.1124,1.11302,52104,0,3
2019.05.30,1.11306,1.1143,1.11157,1.11283,39680,0,4
2019.05.31,1.11287,1.11795,1.11248,1.11676,63812,0,2
2019.06.03,1.11644,1.12616,1.11596,1.12406,60286,0,4
2019.06.04,1.12407,1.12769,1.12263,1.12507,66225,0,3
2019.06.05,1.12514,1.13061,1.12194,1.122,68591,0,1
2019.06.06,1.12201,1.13084,1.12,1.12747,65681,0,3
2019.06.07,1.12749,1.13474,1.12509,1.13322,65017,0,3
2019.06.10,1.13224,1.13301,1.12897,1.1311,41968,0,3
2019.06.11,1.13108,1.13371,1.1301,1.13253,54772,0,3
2019.06.12,1.13253,1.1343,1.1282,1.12866,55352,0,3
2019.06.13,1.12865,1.13033,1.12679,1.12761,46911,0,3
2019.06.14,1.12761,1.12888,1.1202,1.12103,57587,0,4
2019.06.17,1.12088,1.12467,1.12033,1.12178,36098,0,2
2019.06.18,1.12171,1.12425,1.11809,1.11936,69955,0,2
2019.06.19,1.11926,1.12538,1.11868,1.12259,60832,0,2
2019.06.20,1.12255,1.13173,1.12252,1.12916,77964,0,2
2019.06.21,1.12913,1.13773,1.12827,1.13699,73953,0,1
2019.06.24,1.13696,1.14036,1.13654,1.13978,50476,0,2
2019.06.25,1.13979,1.14116,1.13437,1.13655,73345,0,2
2019.06.26,1.13665,1.13909,1.1347,1.13683,61995,0,3
2019.06.27,1.13684,1.13811,1.13474,1.13689,53189,0,2
2019.06.28,1.13688,1.13931,1.13501,1.13693,51926,0,2
2019.07.01,1.1367,1.13707,1.12806,1.12851,60439,0,2
2019.07.02,1.1285,1.13212,1.12748,1.12857,47546,0,3
2019.07.03,1.12847,1.13111,1.12682,1.12774,48446,0,2
2019.07.04,1.12777,1.12947,1.12727,1.12847,19882,0,2
2019.07.05,1.12837,1.12874,1.1207,1.12248,47465,0,3
2019.07.08,1.1224,1.12343,1.12069,1.12142,30639,0,1
2019.07.09,1.12141,1.12187,1.11932,1.12078,30859,0,2
2019.07.10,1.12076,1.12642,1.12018,1.12503,51798,0,2
2019.07.11,1.12503,1.12857,1.12451,1.12532,54278,0,1
2019.07.12,1.12532,1.12748,1.12383,1.12699,47891,0,2
2019.07.15,1.12654,1.12838,1.12531,1.12577,36185,0,2
2019.07.16,1.12574,1.12634,1.12018,1.12103,45039,0,1
2019.07.17,1.12102,1.12336,1.11997,1.12242,34137,0,2
2019.07.18,1.12237,1.12804,1.12051,1.12765,53313,0,2
2019.07.19,1.12766,1.1282,1.12033,1.12194,53374,0,1
2019.07.22,1.1214,1.12252,1.12062,1.12094,38142,0,2
2019.07.23,1.12093,1.12096,1.11458,1.11517,36191,0,2
2019.07.24,1.11516,1.11557,1.11269,1.11399,36648,0,2
2019.07.25,1.114,1.11877,1.11013,1.11467,57238,0,2
2019.07.26,1.11464,1.11509,1.11118,1.1127,36236,0,2
2019.07.29,1.11253,1.11509,1.11129,1.11443,29728,0,2
2019.07.30,1.11443,1.11609,1.11321,1.11545,40857,0,2
2019.07.31,1.11548,1.1162,1.10601,1.10749,66365,0,2
2019.08.01,1.10749,1.10957,1.10269,1.10847,87969,0,2
2019.08.02,1.10849,1.11163,1.10699,1.1105,94407,0,2
2019.08.05,1.11032,1.12131,1.11027,1.12033,84246,0,2
2019.08.06,1.12034,1.12495,1.11673,1.1198,82042,0,2
2019.08.07,1.1198,1.12419,1.1179,1.11982,93908,0,2
2019.08.08,1.1198,1.12327,1.11768,1.11801,74309,0,2
2019.08.09,1.11802,1.12229,1.11793,1.11998,53195,0,2
2019.08.12,1.11977,1.12306,1.11619,1.12131,55940,0,2
2019.08.13,1.12129,1.12286,1.117,1.11709,75583,0,2
2019.08.14,1.1171,1.11907,1.11305,1.11377,71059,0,2
2019.08.15,1.1138,1.11584,1.10914,1.11065,87542,0,1
2019.08.16,1.11065,1.11121,1.10663,1.10893,59986,0,2
2019.08.19,1.10924,1.11137,1.1076,1.10778,40733,0,2
2019.08.20,1.10773,1.11067,1.10654,1.10998,49251,0,2
2019.08.21,1.10989,1.1107,1.108,1.10845,51378,0,1
2019.08.22,1.10844,1.11131,1.10635,1.10799,52243,0,2
2019.08.23,1.10798,1.11531,1.10515,1.11386,78903,0,2
2019.08.26,1.11496,1.11639,1.10942,1.11018,106111,0,2
2019.08.27,1.11018,1.11158,1.10856,1.10901,69606,0,1
2019.08.28,1.10901,1.10978,1.10732,1.1077,66205,0,1
2019.08.29,1.1077,1.10932,1.1042,1.10563,69444,0,1
2019.08.30,1.10563,1.10602,1.0963,1.09893,68588,0,1
2019.09.02,1.09899,1.09965,1.09579,1.09696,42316,0,1
2019.09.03,1.09658,1.09787,1.09257,1.09733,79803,0,1
2019.09.04,1.09737,1.10383,1.09684,1.10348,62939,0,1
2019.09.05,1.10348,1.10846,1.10167,1.1034,71471,0,1
2019.09.06,1.1034,1.10571,1.10202,1.10245,65458,0,1
2019.09.09,1.10256,1.1068,1.10154,1.10477,48319,0,1
2019.09.10,1.10474,1.10593,1.10304,1.10432,41989,0,1
2019.09.11,1.1043,1.10555,1.09851,1.10102,38930,0,1
2019.09.12,1.10102,1.1087,1.09267,1.10643,66013,0,1
2019.09.13,1.10643,1.11094,1.10553,1.10697,51145,0,1
2019.09.16,1.1072,1.10863,1.09932,1.10003,47575,0,1
2019.09.17,1.09998,1.10745,1.09902,1.10725,50330,0,1
2019.09.18,1.10723,1.10756,1.10136,1.10299,47198,0,1
2019.09.19,1.10298,1.10734,1.10227,1.10408,50700,0,1
2019.09.20,1.10408,1.10675,1.09962,1.10187,48550,0,1
2019.09.23,1.1012,1.10253,1.0966,1.09925,47909,0,1
2019.09.24,1.09927,1.10239,1.09837,1.10193,47238,0,1
2019.09.25,1.10192,1.10228,1.09373,1.09419,50810,0,1
2019.09.26,1.09415,1.09673,1.09087,1.09198,46381,0,1
2019.09.27,1.09201,1.09586,1.09038,1.09411,45322,0,1
2019.09.30,1.09403,1.09476,1.08846,1.08991,40582,0,1
2019.10.01,1.08991,1.09427,1.0879,1.09317,49761,0,1
2019.10.02,1.09311,1.09635,1.09042,1.0959,46807,0,1
2019.10.03,1.09584,1.09992,1.09409,1.0963,52978,0,1
2019.10.04,1.0963,1.09983,1.09569,1.09772,50379,0,1
2019.10.07,1.0979,1.10006,1.09618,1.09704,38536,0,1
2019.10.08,1.09703,1.09959,1.09411,1.0956,50286,0,1
2019.10.09,1.0956,1.09901,1.09514,1.0971,38973,0,1
2019.10.10,1.09704,1.10338,1.09697,1.1005,55426,0,1
2019.10.11,1.10049,1.10627,1.10008,1.1036,61821,0,1
2019.10.14,1.10314,1.10427,1.10126,1.10251,35303,0,1
2019.10.15,1.10252,1.1046,1.09912,1.1032,52741,0,1
2019.10.16,1.10319,1.10854,1.10225,1.1071,55732,0,1
2019.10.17,1.1071,1.11398,1.1065,1.11234,53064,0,1
2019.10.18,1.11236,1.11702,1.11146,1.11689,40254,0,1
2019.10.21,1.11604,1.11793,1.11387,1.11487,36175,0,1
2019.10.22,1.11487,1.11568,1.11176,1.11243,37361,0,1
2019.10.23,1.11242,1.11402,1.11061,1.11297,30632,0,1
2019.10.24,1.11296,1.11626,1.1093,1.11037,41432,0,1
2019.10.25,1.11036,1.11228,1.10729,1.10794,27730,0,1
2019.10.28,1.10788,1.11065,1.1076,1.10994,26754,0,1
2019.10.29,1.10994,1.11184,1.10735,1.11118,30581,0,1
2019.10.30,1.11117,1.11533,1.108,1.11516,43735,0,1
2019.10.31,1.11516,1.11756,1.11314,1.11514,43509,0,1
2019.11.01,1.11514,1.11718,1.11281,1.11648,35007,0,1
2019.11.04,1.11687,1.11753,1.11247,1.11272,30537,0,1
2019.11.05,1.11269,1.11401,1.10634,1.10742,41380,0,1
2019.11.06,1.10742,1.10927,1.10649,1.10658,31859,0,1
2019.11.07,1.10658,1.10915,1.10361,1.10497,45912,0,1
2019.11.08,1.10492,1.10553,1.10166,1.10189,33030,0,1
2019.11.11,1.10185,1.1043,1.10164,1.10323,23325,0,1
2019.11.12,1.10323,1.10385,1.10025,1.10088,31441,0,1
2019.11.13,1.10089,1.10202,1.09953,1.10053,34467,0,1
2019.11.14,1.10052,1.10273,1.0989,1.10212,32577,0,1
2019.11.15,1.10212,1.10567,1.10145,1.10515,27792,0,1
2019.11.18,1.1051,1.10899,1.10477,1.10718,28482,0,1
2019.11.19,1.10718,1.10838,1.10624,1.1078,26644,0,1
2019.11.20,1.10777,1.10813,1.1053,1.10723,34131,0,1
2019.11.21,1.10723,1.10969,1.10521,1.10581,31829,0,1
2019.11.22,1.1058,1.10875,1.10144,1.10182,32645,0,1
2019.11.25,1.10151,1.1032,1.10035,1.10126,27995,0,1
2019.11.26,1.10129,1.10255,1.10072,1.10194,28638,0,1
2019.11.27,1.10194,1.10246,1.09923,1.09989,29482,0,1
2019.11.28,1.09987,1.10178,1.09986,1.10075,20746,0,1
2019.11.29,1.10071,1.10282,1.0981,1.10152,27604,0,1
2019.12.02,1.10241,1.1091,1.10029,1.10784,31480,0,1
2019.12.03,1.10782,1.10934,1.10658,1.10809,32021,0,1
2019.12.04,1.10809,1.11161,1.10667,1.10775,35509,0,1
2019.12.05,1.10772,1.11079,1.10771,1.11042,27845,0,1
2019.12.06,1.11042,1.11097,1.10396,1.10595,27888,0,1
2019.12.09,1.10574,1.10779,1.10533,1.10635,21381,0,1
2019.12.10,1.10635,1.10976,1.10627,1.10919,27293,0,1
2019.12.11,1.10914,1.11447,1.10701,1.11294,33856,0,1
2019.12.12,1.11294,1.11541,1.1103,1.11286,44761,0,1
2019.12.13,1.11294,1.11993,1.11032,1.11173,63101,0,1
2019.12.16,1.11259,1.1158,1.11226,1.11434,30624,0,1
2019.12.17,1.11435,1.11745,1.11291,1.11487,35410,0,1
2019.12.18,1.11483,1.11541,1.11102,1.11127,31490,0,1
2019.12.19,1.11126,1.11442,1.11072,1.11204,34743,0,1
2019.12.20,1.11201,1.11246,1.10662,1.10751,29734,0,1
2019.12.23,1.1075,1.10958,1.10698,1.10895,29202,0,1
2019.12.24,1.10895,1.10939,1.1069,1.10851,22030,0,1
2019.12.26,1.109,1.11088,1.1082,1.10974,10530,0,1
2019.12.27,1.10973,1.11882,1.1094,1.1176,36676,0,1
2019.12.30,1.11754,1.12206,1.11713,1.11985,36372,0,1
2019.12.31,1.11985,1.12392,1.11976,1.12171,32435,0,1
2020.01.02,1.12132,1.12143,1.11635,1.11722,30404,0,1
2020.01.03,1.11722,1.11797,1.1125,1.11558,39449,0,1
2020.01.06,1.11646,1.12054,1.11571,1.11968,32448,0,1
2020.01.07,1.1196,1.11975,1.11335,1.11526,35909,0,1
2020.01.08,1.11529,1.11681,1.11016,1.11053,50619,0,1
2020.01.09,1.11053,1.11203,1.10923,1.11051,32024,0,1
2020.01.10,1.11051,1.11291,1.1085,1.11212,30181,0,1
2020.01.13,1.11162,1.11469,1.11127,1.11338,25932,0,1
2020.01.14,1.11338,1.11444,1.11042,1.11274,31762,0,1
2020.01.15,1.11284,1.11633,1.11185,1.11495,29102,0,1
2020.01.16,1.11492,1.11726,1.11278,1.11358,30453,0,1
2020.01.17,1.11352,1.11425,1.10862,1.10893,28089,0,1
2020.01.20,1.1092,1.11024,1.10766,1.10944,18552,0,1
2020.01.21,1.10934,1.1118,1.10809,1.10819,29051,0,1
2020.01.22,1.10816,1.10983,1.10701,1.1092,30270,0,1
2020.01.23,1.1092,1.11087,1.10363,1.10542,37577,0,1
2020.01.24,1.10542,1.10617,1.10196,1.10255,32850,0,1
2020.01.27,1.10295,1.10375,1.10096,1.10184,33777,0,1
2020.01.28,1.10185,1.10251,1.09977,1.1022,28331,0,1
2020.01.29,1.10219,1.10277,1.09922,1.10099,28043,0,1
2020.01.30,1.10098,1.10393,1.10068,1.10312,34415,0,1
2020.01.31,1.10313,1.10951,1.10168,1.10943,37949,0,1
2020.02.03,1.10907,1.10927,1.10349,1.10593,35264,0,1
2020.02.04,1.1059,1.10642,1.10327,1.10434,32443,0,1
2020.02.05,1.10436,1.10478,1.09935,1.09989,33576,0,1
2020.02.06,1.09989,1.10138,1.09643,1.09827,29014,0,1
2020.02.07,1.09827,1.09849,1.09418,1.0943,38494,0,1
2020.02.10,1.09424,1.09574,1.09076,1.09105,28211,0,1
2020.02.11,1.09105,1.09247,1.08912,1.09145,30977,0,1
2020.02.12,1.09146,1.09255,1.08651,1.08728,31063,0,1
2020.02.13,1.08716,1.08887,1.08339,1.08408,34413,0,1
2020.02.14,1.08408,1.08612,1.08272,1.08301,29198,0,1
2020.02.17,1.08397,1.08509,1.08291,1.08346,21012,0,1
2020.02.18,1.08345,1.08372,1.07852,1.07907,34567,0,1
2020.02.19,1.07906,1.08117,1.07821,1.08039,33315,0,1
2020.02.20,1.08033,1.08211,1.07775,1.07838,40984,0,1
2020.02.21,1.07841,1.08634,1.07835,1.08474,40454,0,1
2020.02.24,1.0825,1.0872,1.08049,1.0852,54843,0,1
2020.02.25,1.08519,1.08901,1.083,1.08806,60638,0,1
2020.02.26,1.08806,1.09087,1.08549,1.08807,60645,0,1
2020.02.27,1.08812,1.10066,1.08771,1.09998,76238,0,1
2020.02.28,1.09998,1.10531,1.09508,1.10293,97598,0,1
2020.03.02,1.10407,1.11845,1.10362,1.11332,86124,0,1
2020.03.03,1.11314,1.1213,1.10951,1.1171,80800,0,1
2020.03.04,1.11707,1.11875,1.10953,1.11336,63822,0,1
2020.03.05,1.1134,1.12447,1.11195,1.12371,60736,0,1
2020.03.06,1.1237,1.13546,1.12113,1.12901,94001,0,1
2020.03.09,1.13469,1.14964,1.13397,1.14358,187327,0,1
2020.03.10,1.14358,1.14574,1.12743,1.12905,190339,0,8
2020.03.11,1.12905,1.13662,1.125,1.12607,129097,0,1
2020.03.12,1.12602,1.13332,1.10554,1.11667,172884,0,1
2020.03.13,1.11686,1.12211,1.10549,1.11025,168062,0,0
2020.03.16,1.11886,1.12364,1.10846,1.11777,205632,0,0
2020.03.17,1.11777,1.1189,1.0955,1.10052,177869,0,0
2020.03.18,1.10061,1.1045,1.08016,1.09116,201942,0,0
2020.03.19,1.09117,1.09817,1.06541,1.06589,219504,0,0
2020.03.20,1.06614,1.08309,1.06375,1.06935,244937,0,0
2020.03.23,1.06937,1.08274,1.06355,1.07257,220916,0,0
2020.03.24,1.07226,1.0888,1.07226,1.07825,171445,0,0
2020.03.25,1.07823,1.08939,1.07601,1.08796,168158,0,0
2020.03.26,1.08797,1.10586,1.087,1.10291,149438,0,0
2020.03.27,1.1029,1.1147,1.09533,1.11431,139186,0,0
2020.03.30,1.11159,1.11439,1.10099,1.10427,109850,0,0
2020.03.31,1.10414,1.10537,1.09266,1.10349,132367,0,0
2020.04.01,1.10299,1.1039,1.09027,1.09616,102809,0,0
2020.04.02,1.09619,1.09678,1.08205,1.08568,104632,0,0
2020.04.03,1.0855,1.08641,1.07727,1.08127,93640,0,0
2020.04.06,1.08088,1.08354,1.07682,1.0792,94909,0,0
2020.04.07,1.0792,1.09259,1.07834,1.08904,89461,0,0
2020.04.08,1.08903,1.0902,1.08298,1.08565,78664,0,0
2020.04.09,1.08559,1.09515,1.08409,1.09285,82410,0,0
2020.04.10,1.09286,1.09522,1.09185,1.09347,45005,0,0
2020.04.13,1.09428,1.09676,1.08925,1.0912,88985,0,0
2020.04.14,1.0912,1.0987,1.08987,1.09798,113063,0,0
2020.04.15,1.09794,1.09907,1.08562,1.09066,100896,0,0
2020.04.16,1.09076,1.09111,1.08166,1.08386,123356,0,0
2020.04.17,1.08386,1.08925,1.08119,1.08739,124445,0,0
2020.04.20,1.08625,1.08965,1.08411,1.08607,92579,0,0
2020.04.21,1.08611,1.08801,1.08164,1.08564,107627,0,0
2020.04.22,1.08563,1.08851,1.08032,1.08229,82977,0,0
2020.04.23,1.08226,1.08466,1.0756,1.0776,123060,0,0
2020.04.24,1.0776,1.08257,1.07269,1.08244,100461,0,0
2020.04.27,1.08208,1.08602,1.08112,1.0828,95439,0,0
2020.04.28,1.08275,1.08883,1.08096,1.08182,77049,0,0
2020.04.29,1.0818,1.08855,1.08179,1.08728,74705,0,0
2020.04.30,1.08709,1.09724,1.08328,1.09507,84471,0,0
2020.05.01,1.09485,1.1018,1.09343,1.09802,55528,0,0
2020.05.04,1.09684,1.09743,1.08956,1.09065,54761,0,0
2020.05.05,1.09054,1.09257,1.08257,1.0839,58150,0,0
2020.05.06,1.08397,1.08454,1.07818,1.07929,54033,0,0
2020.05.07,1.07925,1.08339,1.07664,1.08319,60714,0,0
2020.05.08,1.08315,1.08755,1.0815,1.08386,48534,0,0
2020.05.11,1.0824,1.08503,1.08005,1.0806,49534,0,0
2020.05.12,1.08038,1.08852,1.07843,1.08469,54306,0,0
2020.05.13,1.08464,1.08963,1.08115,1.08173,58528,0,0
2020.05.14,1.08167,1.08238,1.07748,1.08042,53197,0,0
2020.05.15,1.08031,1.08505,1.07888,1.08187,50568,0,0
2020.05.18,1.08014,1.09269,1.07998,1.09139,48887,0,0
2020.05.19,1.09145,1.09759,1.09021,1.09217,51091,0,0
2020.05.20,1.09208,1.09989,1.09165,1.09767,46569,0,0
2020.05.21,1.09761,1.10082,1.09372,1.09476,46263,0,0
2020.05.22,1.09458,1.09536,1.08852,1.09022,42958,0,0
2020.05.25,1.08953,1.09144,1.08706,1.08956,26566,0,0
2020.05.26,1.08922,1.09958,1.08919,1.09818,46804,0,0
2020.05.27,1.09814,1.10306,1.09339,1.10026,71978,0,0
2020.05.28,1.09962,1.10934,1.09917,1.10757,64330,0,0
2020.05.29,1.10756,1.1145,1.10669,1.11076,76623,0,0
2020.06.01,1.1115,1.11536,1.11003,1.11343,61548,0,0
2020.06.02,1.11342,1.11957,1.11151,1.11685,69172,0,0
2020.06.03,1.11678,1.12576,1.11665,1.12333,77798,0,0
2020.06.04,1.12321,1.13621,1.11947,1.13365,81076,0,0
2020.06.05,1.13367,1.13837,1.12782,1.12874,79259,0,0
2020.06.08,1.12932,1.13195,1.12682,1.12932,63468,0,0
2020.06.09,1.12933,1.13635,1.12409,1.13389,71617,0,0
2020.06.10,1.13388,1.14222,1.13215,1.13723,78384,0,0
2020.06.11,1.13723,1.14035,1.12886,1.12981,101175,0,0
2020.06.12,1.12933,1.13402,1.12125,1.12604,94092,0,0
2020.06.15,1.12356,1.13323,1.12263,1.13222,90036,0,0
2020.06.16,1.1322,1.13531,1.12276,1.12633,81131,0,0
2020.06.17,1.12628,1.12939,1.1207,1.12426,76433,0,0
2020.06.18,1.12428,1.12612,1.11854,1.12049,72169,0,0
2020.06.19,1.12047,1.12542,1.11681,1.11765,67711,0,0
2020.06.22,1.11819,1.12697,1.11684,1.12593,56787,0,0
2020.06.23,1.12592,1.13483,1.1233,1.13074,72602,0,0
2020.06.24,1.13073,1.13257,1.12483,1.12503,60143,0,0
2020.06.25,1.12503,1.12595,1.11902,1.1217,54121,0,1
2020.06.26,1.12181,1.12391,1.11951,1.12179,40896,0,1
2020.06.29,1.12146,1.12876,1.12146,1.1241,42408,0,1
2020.06.30,1.12412,1.12616,1.11909,1.12336,48612,0,1
2020.07.01,1.1234,1.12749,1.11847,1.12507,45694,0,1
2020.07.02,1.12507,1.13025,1.12231,1.12388,45520,0,1
2020.07.03,1.12391,1.12524,1.12192,1.12482,39847,0,1
2020.07.06,1.1243,1.13455,1.12406,1.13085,43681,0,1
2020.07.07,1.13084,1.13323,1.12587,1.12727,46610,0,0
2020.07.08,1.12674,1.13515,1.12621,1.13292,46420,0,1
2020.07.09,1.13287,1.13706,1.12801,1.12846,53652,0,1
2020.07.10,1.12845,1.13247,1.12548,1.12965,43778,0,1
2020.07.13,1.13015,1.13748,1.13008,1.13435,45838,0,1
2020.07.14,1.13431,1.14085,1.1325,1.13993,53978,0,1
2020.07.15,1.1399,1.14518,1.1391,1.14114,46644,0,1
2020.07.16,1.14113,1.14419,1.13703,1.13834,47684,0,1
2020.07.17,1.13832,1.14437,1.13745,1.14258,36614,0,1
2020.07.20,1.14042,1.14676,1.14021,1.14472,46665,0,1
2020.07.21,1.1447,1.15396,1.14227,1.15265,50733,0,1
2020.07.22,1.15268,1.16009,1.15066,1.15695,57633,0,0
2020.07.23,1.15693,1.16266,1.15402,1.15959,54824,0,1
2020.07.24,1.15957,1.16576,1.15813,1.16549,53672,0,1
2020.07.27,1.16431,1.17811,1.16412,1.1751,59628,0,0
2020.07.28,1.17512,1.17735,1.16986,1.1715,59214,0,1
2020.07.29,1.17148,1.18059,1.17126,1.17906,57617,0,1
2020.07.30,1.1791,1.1848,1.17307,1.18467,62399,0,1
2020.07.31,1.18465,1.19086,1.17613,1.17713,75364,0,1
2020.08.03,1.17697,1.17966,1.16957,1.17617,57376,0,0
2020.08.04,1.17633,1.1806,1.17212,1.18028,55353,0,1
2020.08.05,1.18026,1.19047,1.17929,1.18629,54459,0,0
2020.08.06,1.18627,1.1916,1.18178,1.18762,64120,0,0
2020.08.07,1.18763,1.18827,1.1755,1.17854,61612,0,1
2020.08.10,1.17864,1.18006,1.17359,1.17371,42261,0,1
2020.08.11,1.17373,1.18074,1.1722,1.17395,59065,0,1
2020.08.12,1.17402,1.18165,1.17109,1.17835,58997,0,0
2020.08.13,1.17835,1.1864,1.17796,1.18131,52645,0,1
2020.08.14,1.18126,1.18503,1.17814,1.18413,42080,0,1
2020.08.17,1.18377,1.1881,1.18285,1.18698,39587,0,0
2020.08.18,1.18695,1.19656,1.18655,1.19306,50881,0,1
2020.08.19,1.19302,1.19526,1.18301,1.18385,55642,0,1
2020.08.20,1.18355,1.18685,1.1802,1.18599,57789,0,0
2020.08.21,1.18599,1.18827,1.17542,1.17964,52733,0,1
2020.08.24,1.17929,1.18496,1.17841,1.17873,42510,0,1
2020.08.25,1.17871,1.18436,1.1784,1.18343,47918,0,1
2020.08.26,1.1834,1.18391,1.17721,1.18298,44133,0,1
2020.08.27,1.18297,1.19013,1.17621,1.18217,66444,0,1
2020.08.28,1.18215,1.19196,1.1811,1.19055,62437,0,1
2020.08.31,1.19036,1.1966,1.18839,1.19361,50159,0,1
2020.09.01,1.19358,1.20108,1.19011,1.19113,58939,0,0
2020.09.02,1.19112,1.19285,1.1822,1.18547,53643,0,1
2020.09.03,1.18521,1.18645,1.17887,1.18512,57467,0,1
2020.09.04,1.18513,1.18652,1.17808,1.18394,58184,0,1
2020.09.07,1.18458,1.18485,1.18111,1.18136,31385,0,1
2020.09.08,1.18136,1.18273,1.17654,1.17739,56953,0,1
2020.09.09,1.17747,1.18337,1.17528,1.18027,50318,0,1
2020.09.10,1.18026,1.19174,1.17994,1.18146,60593,0,1
2020.09.11,1.18145,1.18739,1.18086,1.18459,46151,0,1
2020.09.14,1.18362,1.1888,1.18321,1.18643,37436,0,1
2020.09.15,1.18648,1.19004,1.18393,1.18462,38904,0,1
2020.09.16,1.18465,1.18826,1.17873,1.18155,53041,0,1
2020.09.17,1.18146,1.18523,1.17374,1.18476,58356,0,1
2020.09.18,1.18476,1.18703,1.18258,1.18413,45923,0,1
2020.09.21,1.18455,1.18717,1.17316,1.17707,54501,0,1
2020.09.22,1.177,1.17735,1.16916,1.17077,54507,0,0
2020.09.23,1.17074,1.17189,1.16511,1.16595,53403,0,0
2020.09.24,1.1659,1.16868,1.16264,1.16708,53594,0,0
2020.09.25,1.16706,1.16849,1.16122,1.16296,46422,0,0
2020.09.28,1.16222,1.16799,1.16151,1.1665,39261,0,0
2020.09.29,1.1665,1.17455,1.16609,1.17426,42496,0,0
2020.09.30,1.1743,1.17547,1.16846,1.1721,57876,0,0
2020.10.01,1.1721,1.17694,1.17171,1.17465,57598,0,0
2020.10.02,1.17489,1.17489,1.16957,1.17165,65348,0,0
2020.10.05,1.17131,1.17974,1.17053,1.17825,41921,0,0
2020.10.06,1.17826,1.18076,1.17316,1.17334,50635,0,0
2020.10.07,1.17335,1.17818,1.17248,1.17628,46612,0,0
2020.10.08,1.17624,1.17816,1.17324,1.17582,39212,0,0
2020.10.09,1.17587,1.18304,1.17551,1.18293,40290,0,0
2020.10.12,1.18173,1.18265,1.17866,1.1812,34400,0,0
2020.10.13,1.1812,1.18155,1.17305,1.17446,40707,0,0
2020.10.14,1.17452,1.17712,1.17195,1.17452,41998,0,0
2020.10.15,1.17452,1.17576,1.16882,1.17073,46911,0,0
2020.10.16,1.17073,1.1746,1.16939,1.1716,41654,0,0
2020.10.19,1.17195,1.17936,1.1703,1.17695,38192,0,0
2020.10.20,1.17695,1.18407,1.17598,1.18211,38813,0,0
2020.10.21,1.18214,1.18806,1.18208,1.18598,47267,0,0
2020.10.22,1.18582,1.18667,1.18114,1.18177,41611,0,0
2020.10.23,1.18177,1.18646,1.17867,1.18598,41119,0,0
2020.10.26,1.18551,1.18554,1.18031,1.18087,41221,0,0
2020.10.27,1.18087,1.18387,1.17818,1.1787,37585,0,0
2020.10.28,1.1787,1.17879,1.17178,1.17451,48573,0,0
2020.10.29,1.17451,1.17586,1.16499,1.1674,50814,0,0
2020.10.30,1.16741,1.1704,1.16398,1.16462,50353,0,0
2020.11.02,1.16468,1.16556,1.16221,1.16404,42757,0,0
2020.11.03,1.16406,1.17396,1.16323,1.1715,38341,0,0
2020.11.04,1.1715,1.17704,1.16019,1.17244,91397,0,0
2020.11.05,1.17244,1.18598,1.17108,1.18267,85434,0,0
2020.11.06,1.18272,1.18909,1.17954,1.18746,80267,0,0
2020.11.09,1.18873,1.192,1.17951,1.18127,102576,0,0
2020.11.10,1.18124,1.18432,1.17798,1.18136,88041,0,0
2020.11.11,1.18138,1.18328,1.17455,1.17771,53264,0,0
2020.11.12,1.17771,1.18231,1.17586,1.18048,57097,0,0
2020.11.13,1.18047,1.18372,1.17989,1.18326,45110,0,0
2020.11.16,1.184,1.18688,1.18141,1.18516,57741,0,0
2020.11.17,1.18509,1.18939,1.18428,1.18605,43717,0,0
2020.11.18,1.18618,1.1891,1.18491,1.18526,49423,0,0
2020.11.19,1.18526,1.18825,1.18163,1.18745,53540,0,1
2020.11.20,1.18745,1.18909,1.18497,1.18587,44971,0,0
2020.11.23,1.18496,1.19061,1.18,1.18399,49370,0,0
2020.11.24,1.18399,1.18959,1.18358,1.18904,49664,0,0
2020.11.25,1.18905,1.19298,1.18819,1.19157,56219,0,0
2020.11.26,1.19164,1.19409,1.18853,1.19127,34494,0,0
2020.11.27,1.19125,1.1963,1.19067,1.19593,38264,0,0
2020.11.30,1.196,1.20034,1.19236,1.19256,57731,0,0
2020.12.01,1.19261,1.20766,1.19253,1.20692,58891,0,0
2020.12.02,1.20691,1.21184,1.204,1.21136,69133,0,0
2020.12.03,1.21137,1.21746,1.21011,1.21469,74096,0,0
2020.12.04,1.21447,1.21773,1.211,1.21201,76974,0,0
2020.12.07,1.21299,1.21664,1.20787,1.21091,77841,0,0
2020.12.08,1.21091,1.2134,1.20956,1.21022,71978,0,0
2020.12.09,1.21022,1.21474,1.20585,1.20802,72315,0,0
2020.12.10,1.20789,1.21588,1.20738,1.21398,85474,0,0
2020.12.11,1.21361,1.21628,1.21054,1.21125,71031,0,0
2020.12.14,1.21366,1.21766,1.21156,1.21432,65850,0,0
2020.12.15,1.21432,1.21687,1.21214,1.21505,65615,0,0
2020.12.16,1.21489,1.22124,1.21249,1.21984,76468,0,0
2020.12.17,1.21985,1.22729,1.21897,1.22684,65915,0,0
2020.12.18,1.22676,1.22719,1.22256,1.22542,58548,0,0
2020.12.21,1.22166,1.22528,1.21296,1.22424,103141,0,0
2020.12.22,1.22434,1.22573,1.2152,1.21616,79150,0,0
2020.12.23,1.21618,1.22212,1.2154,1.2186,79543,0,0
2020.12.24,1.21857,1.22157,1.21774,1.21808,47758,0,0
2020.12.28,1.21696,1.22506,1.21696,1.2216,65208,0,0
2020.12.29,1.2216,1.22749,1.2207,1.22482,56037,0,0
2020.12.30,1.22471,1.23099,1.2247,1.22961,66896,0,0
2020.12.31,1.22963,1.23093,1.22127,1.22155,58559,0,0
2021.01.04,1.22395,1.23098,1.2228,1.22473,85620,0,0
2021.01.05,1.22466,1.23056,1.22432,1.22965,75380,0,0
2021.01.06,1.22968,1.23494,1.22657,1.23252,118259,0,0
2021.01.07,1.23256,1.23441,1.22452,1.2271,84749,0,0
2021.01.08,1.22713,1.22845,1.21932,1.22218,100138,0,0
2021.01.11,1.22116,1.22285,1.21323,1.21497,79581,0,0
2021.01.12,1.21498,1.22097,1.21372,1.22062,70628,0,0
2021.01.13,1.22064,1.22229,1.21399,1.21568,70247,0,0
2021.01.14,1.21568,1.21784,1.21112,1.2154,82002,0,0
2021.01.15,1.21537,1.21625,1.2075,1.20766,71372,0,0
2021.01.18,1.20813,1.20867,1.20536,1.20757,51965,0,0
2021.01.19,1.20768,1.21449,1.20739,1.21284,59302,0,0
2021.01.20,1.21281,1.21582,1.20767,1.21046,63393,0,0
2021.01.21,1.21043,1.21732,1.21022,1.2164,65018,0,0
2021.01.22,1.21586,1.21894,1.21515,1.21704,57094,0,0
2021.01.25,1.21704,1.21833,1.2116,1.21413,54371,0,0
2021.01.26,1.21371,1.2176,1.21078,1.21592,51913,0,0
2021.01.27,1.21598,1.21696,1.20586,1.21096,74814,0,0
2021.01.28,1.21086,1.21421,1.20805,1.2121,76561,0,0
2021.01.29,1.21209,1.21558,1.20944,1.21353,75639,0,0
2021.02.01,1.21301,1.21364,1.20562,1.20594,63743,0,0
2021.02.02,1.20594,1.20876,1.20117,1.20428,58989,0,0
2021.02.03,1.20423,1.205,1.20042,1.20351,49377,0,0
2021.02.04,1.20349,1.20428,1.19574,1.1962,51807,0,0
2021.02.05,1.19618,1.20498,1.19522,1.20492,67841,0,0
2021.02.08,1.20426,1.20661,1.20197,1.20493,59895,0,0
2021.02.09,1.20493,1.21221,1.20472,1.21174,64758,0,0
2021.02.10,1.21173,1.2144,1.21088,1.21172,48674,0,0
2021.02.11,1.21172,1.21493,1.21135,1.21303,46803,0,0
2021.02.12,1.21303,1.21349,1.20815,1.21189,55276,0,1
2021.02.15,1.2124,1.21452,1.21167,1.21274,39844,0,0
2021.02.16,1.21271,1.21694,1.20949,1.21053,63015,0,1
2021.02.17,1.21047,1.21089,1.20234,1.20374,69997,0,1
2021.02.18,1.20351,1.20944,1.2035,1.20908,60510,0,1
2021.02.19,1.20908,1.21443,1.20823,1.21174,59796,0,1
2021.02.22,1.21131,1.21694,1.20912,1.21554,66651,0,1
2021.02.23,1.21564,1.21802,1.21353,1.21493,64676,0,1
2021.02.24,1.21493,1.21745,1.21092,1.21665,83207,0,1
2021.02.25,1.21637,1.22432,1.2156,1.21743,106775,0,1
2021.02.26,1.2173,1.21828,1.20622,1.20727,129271,0,1
2021.03.01,1.20688,1.21012,1.20278,1.20488,83306,0,1
2021.03.02,1.20488,1.20944,1.19915,1.20893,80054,0,1
2021.03.03,1.20898,1.21132,1.20429,1.20627,71671,0,0
2021.03.04,1.20627,1.20662,1.19616,1.19694,93524,0,1
2021.03.05,1.1968,1.19767,1.18928,1.1912,96968,0,1
2021.03.08,1.19166,1.19321,1.18442,1.1846,100880,0,1
2021.03.09,1.18456,1.19157,1.18356,1.19001,94052,0,1
2021.03.10,1.19002,1.19298,1.18687,1.19284,87767,0,1
2021.03.11,1.19283,1.199,1.19158,1.19851,86008,0,1
2021.03.12,1.1985,1.19886,1.19098,1.19519,83666,0,1
2021.03.15,1.19473,1.19674,1.19111,1.19271,67450,0,1
2021.03.16,1.19271,1.19517,1.18823,1.19009,67321,0,1
2021.03.17,1.19009,1.19853,1.18863,1.19802,71533,0,1
2021.03.18,1.19802,1.1989,1.19062,1.19135,85787,0,1
2021.03.19,1.19134,1.19372,1.18738,1.19044,73391,0,1
2021.03.22,1.18828,1.19467,1.18744,1.19332,61205,0,1
2021.03.23,1.19337,1.19407,1.18423,1.1848,64329,0,1
2021.03.24,1.18477,1.18516,1.18097,1.18123,64871,0,1
2021.03.25,1.18122,1.18277,1.17619,1.17677,72966,0,1
2021.03.26,1.17683,1.18049,1.17677,1.17933,53288,0,1
2021.03.29,1.17886,1.17937,1.17608,1.17642,59703,0,1
2021.03.30,1.1764,1.17736,1.17114,1.17169,56334,0,1
2021.03.31,1.1717,1.17598,1.17041,1.17298,60218,0,1
2021.04.01,1.17298,1.17799,1.17124,1.17759,54081,0,1
2021.04.02,1.1776,1.17864,1.17488,1.17608,25975,0,0
2021.04.05,1.17543,1.18196,1.17382,1.18125,35619,0,1
2021.04.06,1.18125,1.18776,1.17951,1.1874,54221,0,1
2021.04.07,1.1873,1.19147,1.18609,1.18668,64421,0,1
2021.04.08,1.18666,1.19273,1.18605,1.19124,52471,0,0
2021.04.09,1.19121,1.19202,1.18672,1.1901,53194,0,1
2021.04.12,1.18881,1.1919,1.18712,1.19099,53836,0,1
2021.04.13,1.19093,1.1956,1.18775,1.19474,64190,0,1
2021.04.14,1.19478,1.19874,1.19459,1.19784,46298,0,1
2021.04.15,1.19781,1.19933,1.19561,1.19655,44581,0,1
2021.04.16,1.19654,1.19949,1.19504,1.19809,39119,0,1
2021.04.19,1.19716,1.20481,1.19426,1.20367,47784,0,1
2021.04.20,1.20364,1.20798,1.20224,1.20343,47965,0,1
2021.04.21,1.20343,1.20436,1.19984,1.20343,40554,0,0
2021.04.22,1.20345,1.2069,1.19937,1.2014,50069,0,0
2021.04.23,1.20139,1.21,1.20129,1.20973,41892,0,0
2021.04.26,1.20922,1.2117,1.20613,1.20841,42446,0,0
2021.04.27,1.20854,1.20928,1.20568,1.20892,38426,0,0
2021.04.28,1.20896,1.21348,1.20563,1.2125,50256,0,0
2021.04.29,1.21249,1.21502,1.21021,1.21187,46298,0,0
2021.04.30,1.2119,1.21266,1.20166,1.20208,46828,0,0
2021.05.03,1.20301,1.20759,1.20129,1.20629,37322,0,0
2021.05.04,1.2063,1.20641,1.19992,1.20121,50615,0,0
2021.05.05,1.20118,1.20268,1.1986,1.20036,40778,0,0
2021.05.06,1.20036,1.20716,1.19931,1.20646,44831,0,0
2021.05.07,1.20647,1.21713,1.2053,1.21618,58468,0,0
2021.05.10,1.216,1.21783,1.21278,1.21282,51513,0,0
2021.05.11,1.2128,1.21817,1.2123,1.2147,57217,0,0
2021.05.12,1.21472,1.21521,1.20656,1.20705,69534,0,0
2021.05.13,1.20724,1.21061,1.20515,1.20791,65958,0,0
2021.05.14,1.20787,1.21476,1.20708,1.21441,49976,0,0
2021.05.17,1.21323,1.21687,1.2126,1.21511,46428,0,0
2021.05.18,1.21513,1.22339,1.2148,1.22219,49583,0,0
2021.05.19,1.22219,1.22452,1.21599,1.21744,75108,0,0
2021.05.20,1.21744,1.2229,1.2169,1.22269,55450,0,0
2021.05.21,1.2227,1.22398,1.2161,1.21806,58463,0,0
2021.05.24,1.21776,1.223,1.21722,1.2215,57085,0,0
2021.05.25,1.22146,1.22664,1.22117,1.22497,61602,0,0
2021.05.26,1.22491,1.2263,1.2182,1.21922,58587,0,0
2021.05.27,1.21906,1.22151,1.21751,1.21934,59404,0,0
2021.05.28,1.21932,1.2205,1.21327,1.21896,60110,0,0
2021.05.31,1.21993,1.22314,1.21833,1.2225,36694,0,0
2021.06.01,1.22254,1.22543,1.22118,1.22126,52448,0,0
2021.06.02,1.22125,1.22265,1.21643,1.221,53793,0,0
2021.06.03,1.22097,1.22143,1.21183,1.21265,59299,0,0
2021.06.04,1.21261,1.21856,1.21041,1.21662,56073,0,0
2021.06.07,1.21595,1.22018,1.21448,1.21893,40542,0,0
2021.06.08,1.21891,1.21942,1.21643,1.21726,48682,0,0
2021.06.09,1.21722,1.22179,1.21709,1.21787,42992,0,0
2021.06.10,1.21787,1.2195,1.21432,1.21751,66547,0,0
2021.06.11,1.21751,1.21931,1.20927,1.21063,54807,0,0
2021.06.14,1.21025,1.21303,1.20942,1.212,46944,0,0
2021.06.15,1.2119,1.21473,1.21014,1.21264,50679,0,0
2021.06.16,1.21256,1.21348,1.1994,1.19943,66416,0,0
2021.06.17,1.19939,1.20064,1.18918,1.19069,90570,0,0
2021.06.18,1.19056,1.19251,1.18537,1.18597,81407,0,0
2021.06.21,1.1855,1.19212,1.18477,1.19185,87967,0,0
2021.06.22,1.19166,1.19525,1.18809,1.19413,68415,0,0
2021.06.23,1.19376,1.19703,1.19116,1.19258,66823,0,0
2021.06.24,1.19254,1.19563,1.19175,1.19315,65027,0,0
2021.06.25,1.19315,1.19752,1.19265,1.1937,59055,0,0
2021.06.28,1.19316,1.19445,1.19025,1.19242,60674,0,0
2021.06.29,1.1923,1.19298,1.18777,1.1896,61593,0,0
2021.06.30,1.18954,1.1909,1.18452,1.1856,70561,0,0
2021.07.01,1.18559,1.18842,1.18374,1.18497,70316,0,0
2021.07.02,1.18491,1.18743,1.18071,1.18646,71827,0,0
2021.07.05,1.18576,1.18805,1.18515,1.18634,47260,0,0
2021.07.06,1.18619,1.1895,1.18067,1.18231,79642,0,0
2021.07.07,1.18235,1.18362,1.17817,1.17903,75932,0,0
2021.07.08,1.17899,1.18679,1.17836,1.18449,90999,0,0
2021.07.09,1.1844,1.18811,1.18251,1.18774,73949,0,0
2021.07.12,1.18715,1.18802,1.18361,1.18606,56598,0,0
2021.07.13,1.18593,1.18752,1.17724,1.17765,69168,0,0
2021.07.14,1.17761,1.18388,1.17719,1.18358,70801,0,0
2021.07.15,1.18349,1.18506,1.17962,1.18118,74081,0,0
2021.07.16,1.18118,1.18224,1.17921,1.18055,70772,0,0
2021.07.19,1.18054,1.18243,1.1764,1.17987,80957,0,0
2021.07.20,1.1798,1.18025,1.17558,1.17805,70566,0,0
2021.07.21,1.17796,1.18047,1.17519,1.17946,56519,0,0
2021.07.22,1.17907,1.18303,1.17575,1.17707,64812,0,0
2021.07.23,1.17705,1.17865,1.17544,1.17689,49090,0,0
2021.07.26,1.17677,1.18173,1.17635,1.18029,53860,0,0
2021.07.27,1.1803,1.18411,1.17701,1.18165,64421,0,0
2021.07.28,1.18159,1.18494,1.17721,1.18441,64207,0,0
2021.07.29,1.18431,1.18927,1.18402,1.18865,49044,0,0
2021.07.30,1.18858,1.19087,1.18517,1.1873,54242,0,0
2021.08.02,1.18641,1.18969,1.1859,1.18688,47011,0,0
2021.08.03,1.1867,1.18933,1.18537,1.18637,49688,0,0
2021.08.04,1.18631,1.18997,1.18328,1.18367,48391,0,0
2021.08.05,1.1836,1.18572,1.18282,1.18327,47001,0,0
2021.08.06,1.18324,1.18357,1.17544,1.17611,47467,0,0
2021.08.09,1.17568,1.1769,1.17349,1.17362,47081,0,0
2021.08.10,1.17358,1.17429,1.17098,1.17203,41851,0,0
2021.08.11,1.17184,1.1754,1.17061,1.17388,45441,0,0
2021.08.12,1.1738,1.17482,1.17237,1.17296,36888,0,0
2021.08.13,1.1729,1.18048,1.17281,1.17962,35375,0,0
2021.08.16,1.17941,1.18007,1.17675,1.17768,37488,0,0
2021.08.17,1.17762,1.17845,1.17081,1.17081,50070,0,0
2021.08.18,1.17088,1.17425,1.16937,1.17108,48811,0,0
2021.08.19,1.17087,1.17176,1.16657,1.16756,59625,0,0
2021.08.20,1.16752,1.17045,1.1664,1.16996,42854,0,0
2021.08.23,1.16897,1.17503,1.16897,1.17457,42138,0,0
2021.08.24,1.17449,1.1765,1.17273,1.17555,40186,0,0
2021.08.25,1.17537,1.17743,1.1726,1.17716,45250,0,0
2021.08.26,1.17706,1.1779,1.17459,1.17515,49613,0,0
2021.08.27,1.17514,1.18026,1.17349,1.17955,54550,0,0
2021.08.30,1.17926,1.18099,1.17829,1.17962,36224,0,0
2021.08.31,1.17961,1.1845,1.17939,1.18083,56492,0,0
2021.09.01,1.18078,1.18572,1.17936,1.18384,50142,0,0
2021.09.02,1.18374,1.18759,1.18344,1.18744,42004,0,0
2021.09.03,1.18739,1.19091,1.18657,1.18772,53226,0,0
2021.09.06,1.18768,1.18862,1.18557,1.18701,29883,0,0
2021.09.07,1.18675,1.18852,1.18373,1.18402,54549,0,0
2021.09.08,1.18356,1.18512,1.18022,1.1815,64756,0,0
2021.09.09,1.18125,1.18413,1.18053,1.18244,68564,0,0
2021.09.10,1.18229,1.1851,1.18091,1.18107,52650,0,0
2021.09.13,1.18143,1.18171,1.17702,1.18103,51815,0,0
2021.09.14,1.18092,1.1846,1.18001,1.18025,58490,0,0
2021.09.15,1.18013,1.18319,1.17991,1.18165,58073,0,0
2021.09.16,1.18153,1.18206,1.17506,1.17652,58283,0,0
2021.09.17,1.17675,1.17888,1.17242,1.1725,56213,0,0
2021.09.20,1.17272,1.17363,1.17004,1.17257,58444,0,0
2021.09.21,1.17248,1.17486,1.17149,1.17252,58514,0,0
2021.09.22,1.1724,1.17555,1.16843,1.16866,72571,0,0
2021.09.23,1.1686,1.17501,1.16835,1.17381,68536,0,0
2021.09.24,1.17379,1.17476,1.17007,1.17206,51401,0,0
2021.09.27,1.17255,1.17255,1.16848,1.16952,57807,0,0
2021.09.28,1.1694,1.17032,1.16682,1.16826,64793,0,0
2021.09.29,1.16825,1.16901,1.15894,1.15969,68964,0,0
2021.09.30,1.15963,1.16097,1.15626,1.15769,68517,0,0
2021.10.01,1.1574,1.16075,1.1563,1.15927,66777,0,0
2021.10.04,1.15922,1.164,1.15876,1.16193,54990,0,0
2021.10.05,1.16184,1.16216,1.15806,1.15972,50533,0,0
2021.10.06,1.15959,1.16019,1.15292,1.15556,63394,0,0
2021.10.07,1.15538,1.15723,1.15474,1.15527,50611,0,0
2021.10.08,1.15526,1.15861,1.15414,1.15736,59970,0,0
2021.10.11,1.15659,1.15867,1.15487,1.15517,46485,0,0
2021.10.12,1.15522,1.15702,1.15242,1.15295,57798,0,0
2021.10.13,1.15294,1.15973,1.1525,1.1594,67602,0,0
2021.10.14,1.15903,1.16245,1.15838,1.15959,56588,0,0
2021.10.15,1.15947,1.16186,1.1588,1.15981,61186,0,0
2021.10.18,1.15976,1.16224,1.15717,1.16097,63554,0,0
2021.10.19,1.16088,1.16692,1.16074,1.16325,60549,0,0
2021.10.20,1.16304,1.16586,1.1617,1.16505,61774,0,0
2021.10.21,1.16478,1.16675,1.16192,1.1624,65189,0,0
2021.10.22,1.16197,1.16554,1.16194,1.16437,65172,0,0
2021.10.25,1.1638,1.1665,1.15907,1.16081,59725,0,0
2021.10.26,1.16076,1.16257,1.1585,1.15957,54975,0,0
2021.10.27,1.15955,1.16257,1.15848,1.16026,66553,0,0
2021.10.28,1.16023,1.1692,1.15824,1.16801,82814,0,0
2021.10.29,1.16781,1.16901,1.15353,1.1562,82169,0,0
2021.11.01,1.15626,1.1609,1.1546,1.16041,51339,0,0
2021.11.02,1.16028,1.16132,1.15747,1.1578,56326,0,0
2021.11.03,1.1577,1.16161,1.15621,1.16131,69529,0,0
2021.11.04,1.1611,1.16162,1.15284,1.15539,65259,0,0
2021.11.05,1.15537,1.1573,1.15134,1.15665,68123,0,0
2021.11.08,1.15597,1.1595,1.15503,1.15864,54555,0,0
2021.11.09,1.1584,1.16086,1.15697,1.15929,67294,0,0
2021.11.10,1.15908,1.15953,1.14756,1.14783,85955,0,0
2021.11.11,1.14774,1.14876,1.14429,1.14495,53727,0,0
2021.11.12,1.14484,1.14623,1.14328,1.14427,57609,0,0
2021.11.15,1.14456,1.14641,1.13562,1.13672,64282,0,0
2021.11.16,1.13666,1.13855,1.13088,1.13194,75709,0,0
2021.11.17,1.13184,1.13324,1.12632,1.13187,76999,0,0
2021.11.18,1.13177,1.13741,1.13138,1.13704,69758,0,0
2021.11.19,1.13686,1.13724,1.12498,1.12829,90206,0,0
2021.11.22,1.12884,1.12901,1.12307,1.12364,81667,0,0
2021.11.23,1.12362,1.1275,1.1226,1.12474,81541,0,0
2021.11.24,1.12461,1.12554,1.11861,1.11982,86483,0,0
2021.11.25,1.1196,1.12299,1.11954,1.12083,48236,0,0
2021.11.26,1.1206,1.13303,1.12044,1.13215,113571,0,0
2021.11.29,1.13002,1.13112,1.12584,1.12902,75004,0,0
2021.11.30,1.12883,1.1383,1.12354,1.1338,108745,0,0
2021.12.01,1.1335,1.13597,1.13025,1.13193,89859,0,0
2021.12.02,1.13176,1.13478,1.12952,1.13006,75866,0,0
2021.12.03,1.12996,1.13335,1.12666,1.13083,86551,0,0
2021.12.06,1.12995,1.13104,1.12665,1.12847,57613,0,0
2021.12.07,1.12821,1.12983,1.12274,1.12671,59940,0,0
2021.12.08,1.12658,1.13549,1.12633,1.13417,71543,0,0
2021.12.09,1.13418,1.13449,1.12784,1.12924,61604,0,0
2021.12.10,1.12919,1.13243,1.12649,1.13162,59302,0,0
2021.12.13,1.13077,1.1319,1.12599,1.12842,54396,0,0
2021.12.14,1.12807,1.13237,1.12537,1.12583,54577,0,0
2021.12.15,1.12575,1.12992,1.12217,1.12919,71257,0,0
2021.12.16,1.12905,1.13602,1.12811,1.13296,72728,0,0
2021.12.17,1.13296,1.13489,1.12344,1.12372,63293,0,0
2021.12.20,1.12356,1.1304,1.12341,1.12769,60766,0,0
2021.12.21,1.12743,1.13027,1.12609,1.12822,54441,0,0
2021.12.22,1.1282,1.13423,1.12642,1.13258,52866,0,0
2021.12.23,1.13246,1.13422,1.12902,1.13263,49430,0,0
2021.12.24,1.1326,1.13435,1.13044,1.13197,53499,0,0
2021.12.27,1.13023,1.13342,1.13023,1.13264,37691,0,0
2021.12.28,1.1326,1.1333,1.12894,1.13079,40037,0,0
2021.12.29,1.13079,1.13687,1.12732,1.13477,51231,0,0
2021.12.30,1.13445,1.13599,1.12988,1.13256,50314,0,0
2021.12.31,1.13244,1.13861,1.13033,1.13755,39263,0,0
2022.01.03,1.13693,1.13778,1.12795,1.12971,53813,0,0
2022.01.04,1.12961,1.13226,1.12723,1.12862,62525,0,0
2022.01.05,1.12852,1.13466,1.12765,1.13135,61289,0,0
2022.01.06,1.13111,1.13316,1.12846,1.12976,67251,0,0
2022.01.07,1.1296,1.13647,1.12901,1.1359,49836,0,0
2022.01.10,1.1355,1.13599,1.12853,1.13252,53457,0,0
2022.01.11,1.1323,1.13753,1.13131,1.13666,49386,0,0
2022.01.12,1.13655,1.14528,1.13545,1.14411,51872,0,0
2022.01.13,1.14402,1.14817,1.14357,1.14539,53078,0,0
2022.01.14,1.14531,1.14829,1.13987,1.14151,59882,0,0
2022.01.17,1.14117,1.14342,1.13915,1.14062,34611,0,0
2022.01.18,1.14062,1.14216,1.13147,1.13258,68363,0,0
2022.01.19,1.13249,1.13569,1.13163,1.1342,58174,0,0
2022.01.20,1.13393,1.13689,1.13031,1.13108,59448,0,0
2022.01.21,1.13092,1.13597,1.1301,1.13421,60447,0,0
2022.01.24,1.13371,1.13447,1.12906,1.13254,70762,0,0
2022.01.25,1.13226,1.1328,1.12632,1.13006,63243,0,0
2022.01.26,1.12991,1.13108,1.12354,1.12405,75069,0,0
2022.01.27,1.12404,1.12431,1.11313,1.11444,83832,0,0
2022.01.28,1.11428,1.11737,1.11214,1.11469,78407,0,0
2022.01.31,1.11406,1.12477,1.11378,1.12333,74328,0,0
2022.02.01,1.12315,1.12786,1.12208,1.12718,72903,0,0
2022.02.02,1.12715,1.13301,1.12667,1.13035,61143,0,0
2022.02.03,1.13018,1.14513,1.12665,1.14392,97250,0,0
2022.02.04,1.14389,1.14836,1.14116,1.14514,96664,0,0
2022.02.07,1.14573,1.14614,1.14151,1.14419,76500,0,0
2022.02.08,1.14411,1.14486,1.13958,1.14163,67506,0,0
2022.02.09,1.14127,1.14479,1.14025,1.14233,59971,0,0
2022.02.10,1.1421,1.1495,1.13748,1.14275,98683,0,0
2022.02.11,1.14263,1.14291,1.13297,1.13477,110096,0,0
2022.02.14,1.13376,1.13688,1.128,1.13058,108728,0,0
2022.02.15,1.13032,1.13683,1.1299,1.13582,87080,0,0
2022.02.16,1.13568,1.13955,1.13448,1.13722,77435,0,0
2022.02.17,1.13713,1.13857,1.13229,1.13608,98839,0,0
2022.02.18,1.1358,1.13769,1.13139,1.13227,76510,0,0
2022.02.21,1.13145,1.13907,1.13064,1.13093,55985,0,0
2022.02.22,1.1307,1.1367,1.12878,1.13241,102907,0,0
2022.02.23,1.13246,1.13588,1.13012,1.13051,64439,0,0
2022.02.24,1.13023,1.13086,1.11063,1.11919,171175,0,0
2022.02.25,1.11908,1.12735,1.11659,1.12716,113512,0,0
2022.02.28,1.11295,1.12464,1.11245,1.12178,138468,0,0
2022.03.01,1.12177,1.12331,1.10897,1.11229,114181,0,0
2022.03.02,1.11248,1.11434,1.10574,1.11184,129648,0,0
2022.03.03,1.1116,1.11205,1.10332,1.10659,99725,0,0
2022.03.04,1.10651,1.10679,1.08852,1.09305,129366,0,0
